,timestamp,age,gender,city,position,total_years_of_experience,years_of_experience_in_germany,seniority_level,technical_language,other_technical_language,yearly_brutto_salary,bonus+stocks,annual_brutto_salary_one_year_ago(only_answer_if_staying_in_the_same_country),bonus+stocks_one_year_ago(only_answer_if_staying_in_same_country),vacation_days,employment_status,contract_duration,main_language,company_size,company_type,lost_job
0,24-11-2020,26,Male,Munich,Software Engineer,5.0,3.0,Senior,TypeScript,"Kotlin, Javascript / Typescript",80000.0,5000.0,75000.0,10000.0,30,Full-time employee,Unlimited contract,English,51-100,Product,No
1,24-11-2020,29,Male,Berlin,Software Engineer,12.0,6.0,Lead,Javascript / Typescript,"Javascript / Typescript, Docker",120000.0,120000.0,100000.0,100000.0,30,Self-employed (freelancer),Temporary contract,English,101-1000,Product,Yes
2,24-11-2020,32,Male,Berlin,DevOps,5.0,1.0,Senior,"AWS, GCP, Python,K8s","Python, AWS, Google Cloud, Kubernetes, Docker",76000.0,5000.0,76000.0,5000.0,30,Full-time employee,Unlimited contract,English,Nov-50,Startup,No
3,24-11-2020,34,Male,Berlin,Mobile Developer,11.0,5.0,Lead,kotlin,"Kotlin, Javascript / Typescript, AWS, Google Cloud, Kubernetes, Docker",80000.0,80000.0,75000.0,75000.0,28,Full-time employee,Unlimited contract,English,101-1000,Product,No
4,24-11-2020,38,Male,Berlin,Team Lead,18.0,4.0,Lead,iOS,"Swift, AWS",80000.0,4000.0,80000.0,2000.0,28,Full-time employee,Unlimited contract,English,101-1000,Product,Yes
5,24-11-2020,33,Male,Berlin,Data Scientist,5.0,4.0,Lead,Python,"Python, R, Google Cloud, Docker",150000.0,80000.0,81000.0,4000.0,24,Full-time employee,Unlimited contract,English,1000+,Product,No
6,24-11-2020,30,Male,Berlin,Software Engineer,6.0,3.0,Senior,Java,"Kotlin, AWS, Kubernetes, Docker",74000.0,15000.0,54000.0,54000.0,27,Full-time employee,Unlimited contract,English,1000+,Product,No
7,24-11-2020,34,Male,Munich,Software Engineer,13.0,3.0,Lead,.NET,".NET, SQL",72000.0,72000.0,60000.0,60000.0,30,Full-time employee,Unlimited contract,English,51-100,Product,No
8,24-11-2020,45,Male,Schleswig-Holstein,Software Engineer,26.0,18.0,Senior,C#,"C/C++, .NET, SQL",93000.0,10000.0,93000.0,11000.0,30,Full-time employee,Unlimited contract,German,1000+,Product,No
9,24-11-2020,29,Male,Munich,Software Engineer,7.0,3.0,Senior,JavaScript ,"Kotlin, Javascript / Typescript, Java / Scala, Docker",80000.0,5000.0,72000.0,2500.0,24,Full-time employee,Unlimited contract,English,1000+,Product,No
10,24-11-2020,26,Female,Munich,Data Scientist,6.0,2.0,Middle,python,"Python, C/C++, SQL, Docker",60000.0,10000.0,60000.0,60000.0,26,Full-time employee,Unlimited contract,English,1000+,Product,No
11,24-11-2020,24,Male,Berlin,Data Scientist,4.0,2.0,Senior,Python,"Python, AWS, Docker",73000.0,73000.0,50000.0,50000.0,24,Full-time employee,Unlimited contract,English,101-1000,Startup,No
12,24-11-2020,30,Male,Munich,Hardware Engineer,5.0,5.0,Senior,VHDL,Python,75000.0,10000.0,73000.0,8000.0,30,Full-time employee,Unlimited contract,English,101-1000,Product,No
13,24-11-2020,27,Male,Munich,QA Engineer,5.0,1.0,Senior,Swift,"Kotlin, Ruby",58000.0,5800.0,58000.0,101.0,30,Full-time employee,Unlimited contract,English,1000+,Product,No
14,24-11-2020,35,Male,Frankfurt,ML Engineer,12.0,10.0,Senior,ML,"Python, Java / Scala, R, SQL, AWS, Azure",120000.0,30000.0,90000.0,30000.0,30,Full-time employee,Unlimited contract,English,1000+,Product,No
15,24-11-2020,26,Male,Munich,Data Scientist,3.0,2.0,Middle,Python,"Python, SQL, AWS, Docker",65000.0,7000.0,52000.0,300.0,30,Full-time employee,Unlimited contract,English,101-1000,Product,No
16,24-11-2020,33,Male,Frankfurt,Solution Architect,6.0,6.0,Middle,Python,"SQL, AWS, Google Cloud, Kubernetes, Docker",85000.0,40000.0,78000.0,7000.0,28,Full-time employee,Unlimited contract,English,1000+,Product,No
17,24-11-2020,24,Male,Munich,Software Engineer,5.0,2.0,Middle,C++,"Javascript / Typescript, Go",79000.0,56000.0,77000.0,33000.0,30,Full-time employee,Unlimited contract,English,1000+,Product,No
18,24-11-2020,28,Male,Berlin,Software Engineer,6.0,2.0,Senior,Java,"Kotlin, Java / Scala, SQL, AWS, Kubernetes, Docker",65000.0,75000.0,60000.0,60000.0,28,Full-time employee,Unlimited contract,English,Nov-50,Startup,No
19,24-11-2020,37,Male,Munich,Backend Developer,12.0,4.0,Senior,php,"Javascript / Typescript, Docker",62000.0,5000.0,60000.0,5000.0,28,Full-time employee,Unlimited contract,English,101-1000,Product,No
20,24-11-2020,35,Male,Munich,Software Engineer,13.0,4.0,Senior,Java,"Kotlin, Java / Scala, AWS",80000.0,1500.0,77000.0,1500.0,40,Full-time employee,Unlimited contract,English,101-1000,Product,No
21,24-11-2020,34,Male,Berlin,QA Engineer,10.0,4.0,Senior,Java,"Python, Kotlin, Javascript / Typescript, Go, AWS, Kubernetes, Docker",75000.0,3000.0,65000.0,3000.0,28,Full-time employee,Unlimited contract,English,101-1000,Startup,No
22,24-11-2020,30,Male,Berlin,Backend Developer,6.0,2.0,Senior,Ruby,"SQL, Elixir",75000.0,75000.0,65000.0,65000.0,30,Full-time employee,Unlimited contract,English,101-1000,Product,No
23,24-11-2020,34,Male,Munich,Cloud Architect,10.0,4.0,Senior,"Azure, SAP","SAP / ABAP, AWS, Google Cloud, Azure, Kubernetes, Docker",120000.0,40000.0,70000.0,30000.0,30,Full-time employee,Unlimited contract,English,1000+,Cloud,No
24,24-11-2020,33,Male,Munich,Software Engineer,10.0,3.0,Senior,Java,"AWS, Docker",75000.0,7500.0,68000.0,6800.0,30,Full-time employee,Unlimited contract,English,101-1000,Product,No
25,24-11-2020,33,Male,Berlin,Software Engineer,7.0,7.0,Senior,"Java, JavaScript","Javascript / Typescript, Java / Scala, SQL",62000.0,67000.0,52000.0,58000.0,30,Full-time employee,Unlimited contract,English,1000+,Consulting / Agency,No
26,24-11-2020,32,Male,Frankfurt,Network Engineer ,10.0,2.0,Senior,Python ,"Python, Docker",68500.0,6000.0,68500.0,70000.0,25,Full-time employee,Unlimited contract,English,101-1000,Product,No
27,24-11-2020,31,Male,Berlin,Frontend Developer,10.0,1.5,Senior,Javascript,"Javascript / Typescript, SQL, Google Cloud, Docker",71060.0,101.0,67500.0,101.0,28,Full-time employee,Unlimited contract,English,51-100,Startup,No
28,24-11-2020,28,Male,Munich,Backend Developer,6.0,5.0,Senior,Java,"Javascript / Typescript, Java / Scala, SQL",70000.0,2000.0,57000.0,1500.0,30,Full-time employee,Unlimited contract,English,101-1000,Consulting / Agency,No
29,24-11-2020,40,Male,Munich,Mobile Developer,25.0,2.0,Lead,Swift,"Swift, Objective-C",85000.0,5000.0,72000.0,3000.0,30,Full-time employee,Unlimited contract,English,Nov-50,Product,No
30,24-11-2020,46,Male,Munich,QA Engineer,13.0,13.0,Senior,Java,SQL,70000.0,8500.0,70000.0,8500.0,28,Full-time employee,Unlimited contract,German,101-1000,Product,No
31,24-11-2020,36,Male,Berlin,Backend Developer,18.0,1.0,Senior,PHP,"PHP, AWS, Google Cloud",65000.0,70000.0,60000.0,60000.0,26,Full-time employee,Unlimited contract,English,101-1000,Product,No
32,24-11-2020,31,Male,Berlin,Data Scientist,10.0,5.0,Lead,Python ,"Kubernetes, Docker",115000.0,70000.0,115000.0,60000.0,28,Full-time employee,Unlimited contract,English,1000+,Product,No
33,24-11-2020,46,Male,Munich,Scrum Master,12.0,8.0,Senior,Agile,"C/C++, PHP, .NET, SQL",85000.0,10000.0,88000.0,10000.0,30,Full-time employee,Unlimited contract,German,1000+,Product,No
34,24-11-2020,30,Female,Berlin,QA Engineer,5.0,3.0,Middle,Python ,"Python, Kubernetes, Docker, Ansible",50000.0,4000.0,50000.0,4000.0,30,Full-time employee,Unlimited contract,German,101-1000,Product,No
35,24-11-2020,35,Male,Munich,Software Engineer,13.0,4.0,Lead,Pegasystems platform ,"C/C++, Javascript / Typescript, Java / Scala, SQL, Docker",140000.0,6000.0,132000.0,2000.0,28,Full-time employee,Unlimited contract,English,51-100,Consulting / Agency,No
36,24-11-2020,36,Male,Munich,Solutions Architect,12.0,5.0,Lead,Cloud,"Kotlin, Java / Scala, AWS, Kubernetes, Docker",105000.0,25000.0,105000.0,25000.0,28,Full-time employee,Unlimited contract,English,1000+,Product,No
37,24-11-2020,32,Male,Munich,Fullstack Developer,9.0,2.0,Senior,Java,"Javascript / Typescript, Kubernetes, Docker, Angular",70000.0,4000.0,68000.0,3000.0,26,Full-time employee,Unlimited contract,English,Nov-50,Product,No
38,24-11-2020,29,Male,Berlin,Software Engineer,8.0,2.0,Senior,Go,"Python, Javascript / Typescript, Go",70000.0,5000.0,70000.0,5000.0,30,Full-time employee,Unlimited contract,English,1000+,Product,No
39,24-11-2020,30,Female,Munich,Mobile Developer,10.0,3.5,Senior,Swift,"Kotlin, Javascript / Typescript",65000.0,5000.0,65000.0,5000.0,30,Full-time employee,Unlimited contract,English,1000+,Product,No
40,24-11-2020,34,Male,Berlin,Data Scientist,5.0,5.0,Middle,Python,"C/C++, SQL, AWS, Docker",65000.0,5000.0,60000.0,2000.0,30,Full-time employee,Unlimited contract,English,101-1000,Product,No
41,24-11-2020,36,Female,Berlin,QA Engineer,14.0,7.0,Lead,Java,Kotlin,69000.0,6900.0,63000.0,6300.0,30,Full-time employee,Unlimited contract,English,Nov-50,Product,No
42,24-11-2020,45,Male,Berlin,Mobile Developer,10.0,4.0,Lead,SWIFT,"Swift, Javascript / Typescript, Java / Scala, Google Cloud",77000.0,2000.0,66000.0,2000.0,28,Full-time employee,Unlimited contract,English,101-1000,Product,No
43,24-11-2020,32,Male,Stuttgart,QA Engineer,9.0,9.0,Senior,Java,"R, SQL, Perl, Docker",60000.0,4700.0,67000.0,5000.0,30,Full-time employee,Unlimited contract,German,1000+,Consulting / Agency,No
44,24-11-2020,24,Male,Boeblingen,C/C++/Java developer,0.8,0.8,Junior,Java,C/C++,48000.0,101.0,48000.0,101.0,30,Full-time employee,Unlimited contract,English,Nov-50,Product,No
45,24-11-2020,32,Male,DÃ¼sseldorf,Software Engineer,11.0,7.0,Senior,.net,"Javascript / Typescript, Java / Scala, Go",60000.0,62000.0,47000.0,49000.0,30,Full-time employee,Unlimited contract,English,1000+,Consulting / Agency,No
46,24-11-2020,26,Female,Berlin,Software Engineer,6.0,4.0,Senior,.NET,".NET, SQL, Azure, Docker",65000.0,1000.0,56000.0,1000.0,27,Full-time employee,Unlimited contract,English,101-1000,Product,No
47,24-11-2020,31,Female,Stuttgart,Data Scientist,4.0,2.0,Middle,R,"Python, R, Azure",65000.0,73000.0,62000.0,68000.0,30,Full-time employee,Unlimited contract,German,1000+,Product,No
48,24-11-2020,33,Male,Munich,Backend Developer,15.0,3.0,Lead,Scala,"Javascript / Typescript, Java / Scala, SQL, AWS, Docker",100000.0,10000.0,98000.0,101.0,30,Full-time employee,Unlimited contract,English,Nov-50,Startup,No
49,24-11-2020,30,Female,Frankfurt,QA Engineer,6.0,4.0,Senior,Bash,"Python, Java / Scala, SQL, AWS, Azure",70000.0,2000.0,70000.0,2000.0,30,Full-time employee,Unlimited contract,German,1000+,Bank ,No
50,24-11-2020,39,Male,Munich,BI IT Consultant,5.0,5.0,Middle,"Qlik BI Tool, SQL","Javascript / Typescript, SQL",56000.0,17000.0,53000.0,17000.0,30,Full-time employee,Unlimited contract,German,1000+,Product,No
51,24-11-2020,29,Male,Munich,Backend Developer,8.0,4.0,Senior,Java,SQL,95000.0,7000.0,74000.0,6000.0,30,Full-time employee,Unlimited contract,English,1000+,Product,No
52,24-11-2020,37,Male,Berlin,Cloud Engineer,15.0,3.0,Senior,Cloud,"Python, .NET, Azure, Kubernetes, Docker",72000.0,10000.0,62000.0,7000.0,36,Full-time employee,Unlimited contract,English,1000+,Product,Yes
53,24-11-2020,34,Male,Munich,Solutions architect,14.0,6.0,Head,Blockchain,"Python, Kotlin, Java / Scala, SQL, Go, AWS, Google Cloud, Kubernetes, Docker",95000.0,10000.0,85000.0,10000.0,24,Full-time employee,Unlimited contract,English,101-1000,Startup,No
54,24-11-2020,43,Male,Berlin,Backend Developer,5.0,1.5,Middle,Java,Kotlin,64000.0,6000.0,63000.0,6000.0,28,Full-time employee,Unlimited contract,English,101-1000,Product,No
55,24-11-2020,34,Male,Leipzig,Mobile Developer,14.0,2.0,Senior,Android,"Kotlin, Java / Scala, Azure",60000.0,60000.0,52000.0,52000.0,23,Full-time employee,Unlimited contract,English,101-1000,Consulting / Agency,No
56,24-11-2020,40,Male,Munich,QA Engineer,18.0,14.0,Lead,Java,"SQL, AWS, Kubernetes, Docker, Groovy",78000.0,8000.0,76000.0,7000.0,30,Full-time employee,Unlimited contract,German,1000+,Product,No
57,24-11-2020,38,Male,Munich,Backend Developer,12.0,12.0,Senior,Java,"PHP, Javascript / Typescript, SQL",70000.0,1500.0,68000.0,1500.0,30,Full-time employee,Unlimited contract,German,101-1000,Telecommunications,No
58,24-11-2020,38,Male,Munich,ML Engineer,10.0,3.0,Lead,Python,"SQL, AWS, Azure, Kubernetes, Docker",92000.0,101.0,85000.0,7000.0,30,Full-time employee,Unlimited contract,English,51-100,Consulting / Agency,No
59,24-11-2020,38,Male,Hamburg,Software Engineer,12.0,6.0,Senior,Java,"Python, Java / Scala, AWS, Docker",73000.0,7000.0,72000.0,,30,Full-time employee,Unlimited contract,English,51-100,Product,No
60,24-11-2020,32,Male,Berlin,Software Engineer,9.0,5.0,Lead,JavaScript,"Javascript / Typescript, Ruby, AWS, Kubernetes, Docker",90000.0,,75000.0,,25,Full-time employee,Unlimited contract,English,101-1000,Product,No
61,24-11-2020,41,Male,Munich,Backend Developer,21.0,3.0,Senior,Java,"Kubernetes, Docker",80000.0,,78000.0,,30,Full-time employee,Unlimited contract,English,101-1000,Product,No
62,24-11-2020,34,Male,Berlin,Security Engineer,10.0,4.0,Senior,python,"Javascript / Typescript, AWS, Kubernetes",85000.0,25000.0,72000.0,,28,Full-time employee,Unlimited contract,English,1000+,Product,No
63,24-11-2020,45,Male,Berlin,Software Engineer,25.0,20.0,Lead,c++,"Python, C/C++, Javascript / Typescript, Ruby, .NET, Java / Scala, SQL, Go, AWS, Kubernetes",75000.0,20000.0,73000.0,20000.0,30,Full-time employee,Unlimited contract,German,1000+,Product,No
64,24-11-2020,34,Male,Berlin,DevOps,6.0,6.0,Middle,"Java, terraform","Python, Kotlin, Javascript / Typescript, Java / Scala, AWS, Kubernetes, Docker",62000.0,70000.0,54000.0,60000.0,28,Full-time employee,Unlimited contract,German,1000+,Media,No
65,24-11-2020,33,Male,Munich,Business Analyst,10.0,4.0,Senior,Java,SQL,70000.0,,70000.0,850.0,27,Full-time employee,Unlimited contract,English,101-1000,Product,No
66,24-11-2020,30,Male,Berlin,Backend Developer,7.0,2.0,Senior,Ruby,"Javascript / Typescript, SQL, Go, AWS, Docker",72000.0,,66000.0,,25,Full-time employee,Unlimited contract,English,Nov-50,Product,No
67,24-11-2020,35,Male,Berlin,Support Engineer,10.0,4.0,Senior,PHP,"SQL, AWS, Docker",63500.0,63500.0,60000.0,60000.0,28,Full-time employee,Unlimited contract,English,101-1000,Product,No
68,24-11-2020,35,Female,Berlin,Frontend Developer,12.0,5.0,Middle,Javascript ,"AWS, Docker",70000.0,,70000.0,,29,Full-time employee,Unlimited contract,English,101-1000,E-commerce,No
69,24-11-2020,34,Male,Berlin,Frontend Developer,10.0,3.0,Senior,"Angular, React","Python, Javascript / Typescript, Docker",68000.0,,68000.0,,40,Full-time employee,Unlimited contract,English,Nov-50,Startup,No
70,24-11-2020,34,Male,Berlin,Software Engineer,12.0,2.0,Lead,.net,"Javascript / Typescript, .NET, SQL, Azure",78000.0,8000.0,64000.0,70000.0,36,Full-time employee,Unlimited contract,German,1000+,Product,No
71,24-11-2020,38,Male,Berlin,Software Engineer,13.0,6.0,Lead,Java,Kotlin,89570.0,20240.0,82240.0,18000.0,30,Full-time employee,Unlimited contract,English,1000+,Product,No
72,24-11-2020,34,Female,Berlin,Software Engineer,9.0,3.0,Senior,Kotlin,"Python, Kotlin, Java / Scala, Google Cloud, Kubernetes, Docker",78000.0,3000.0,65000.0,7000.0,30,Full-time employee,Unlimited contract,English,101-1000,Product,No
73,24-11-2020,34,Male,Berlin,Backend Developer,15.0,5.0,Senior,Elixir,"Javascript / Typescript, Ruby, SQL, Google Cloud, Kubernetes, Docker",70000.0,70000.0,65000.0,65000.0,30,Full-time employee,Unlimited contract,English,51-100,Product,No
74,24-11-2020,29,Female,Munich,Software Engineer,5.0,4.0,Middle,"NodeJS, Typescript, AWS","Javascript / Typescript, Java / Scala, AWS",67000.0,5000.0,65000.0,4000.0,31,Full-time employee,Unlimited contract,English,101-1000,Product,No
75,24-11-2020,30,Male,Munich,Frontend Developer,9.0,3.0,Middle,TypeScript,"Javascript / Typescript, Kubernetes",66000.0,,64000.0,,30,Full-time employee,Unlimited contract,English,101-1000,Product,No
76,24-11-2020,26,Male,Frankfurt,Consultant,4.0,4.0,Middle,JavaScript,"Python, Javascript / Typescript",65000.0,70000.0,55000.0,55000.0,30,Full-time employee,Unlimited contract,German,101-1000,Consulting / Agency,No
77,24-11-2020,27,Male,Tuttlingen,Software Engineer,4.0,4.0,Junior,C#,.NET,46000.0,2000.0,43000.0,2000.0,30,Full-time employee,Unlimited contract,German,up to 10,Product,No
78,24-11-2020,29,Male,Berlin,Software Engineer,12.0,3.0,Senior,Go,"PHP, Go",75000.0,75000.0,70000.0,70000.0,27,Full-time employee,Unlimited contract,English,101-1000,Product,No
79,24-11-2020,29,Male,Bonn,Mobile Developer,5.0,2.0,Middle,Objective-C,Swift,55000.0,4000.0,55000.0,1800.0,24,Full-time employee,Unlimited contract,English,Nov-50,Product,No
80,24-11-2020,34,Male,Berlin,Software Engineer,10.0,10.0,Senior,C++,Python,76000.0,12000.0,73000.0,8000.0,30,Full-time employee,Unlimited contract,English,101-1000,Product,No
81,24-11-2020,31,Male,Moscow,Data Scientist,2.5,0.0,Lead,Python,Python,20000.0,6500.0,17000.0,3500.0,30,Full-time employee,Unlimited contract,Russian,1000+,Bank,No
82,24-11-2020,47,Male,Hamburg,Software Engineer,22.0,10.0,Senior,C++/C#,"C/C++, .NET, SQL",46000.0,46000.0,46000.0,46000.0,30,Full-time employee,Unlimited contract,English,up to 10,Product,No
83,24-11-2020,29,Male,Berlin,Backend Developer,8.0,1.5,Middle,Go,Python,65000.0,,60000.0,,30,Full-time employee,Unlimited contract,English,101-1000,Product,No
84,24-11-2020,28,Male,Munich,Software Engineer,5.0,6.0,Senior,C++,"Python, C/C++",67000.0,2000.0,44000.0,2500.0,20,Self-employed (freelancer),Unlimited contract,English,up to 10,Startup,Yes
85,24-11-2020,25,Male,Hamburg,Data Scientist,2.0,2.0,Middle,Python,.NET,48000.0,5000.0,43200.0,48000.0,28,Full-time employee,Unlimited contract,German,Nov-50,Product,No
86,24-11-2020,40,Male,Berlin,Backend Developer,18.0,2.5,Senior,php,"PHP, SQL, Go, Docker, Postgres",60000.0,,60000.0,,28,Full-time employee,Unlimited contract,English,1000+,Product,No
87,24-11-2020,30,Male,Berlin,DevOps,9.0,5.0,Lead,Kubernetes,"Python, Google Cloud, Kubernetes, Docker",90000.0,,80000.0,,30,Full-time employee,Unlimited contract,English,101-1000,Product,No
88,24-11-2020,29,Male,Munich,SW Architect,8.0,3.0,Senior,C++,"Python, C/C++, Docker",73000.0,400.0,59000.0,60000.0,30,Full-time employee,Unlimited contract,English,1000+,Product,No
89,24-11-2020,37,Male,Heidelberg,Software Engineer,15.0,7.0,Senior,ABAP,"Javascript / Typescript, SAP / ABAP",67500.0,7500.0,65000.0,5000.0,30,Full-time employee,Unlimited contract,English,1000+,Product,No
90,24-11-2020,28,Male,Berlin,SRE,6.0,1.5,Middle,Kubernetes,"Python, Go, AWS, Kubernetes, Docker",66000.0,122.13,66000.0,,27,Full-time employee,Unlimited contract,English,1000+,Product,No
91,24-11-2020,33,Male,Berlin,Software Engineer,13.0,3.0,Senior,Ruby,"Ruby, Java / Scala, Go, AWS, Kubernetes, Docker",75000.0,20000.0,68000.0,,27,Full-time employee,Unlimited contract,English,1000+,Product,No
92,24-11-2020,40,Male,Frankfurt,Software Engineer,22.0,3.0,Senior,Java,"Kotlin, Javascript / Typescript, Java / Scala, Kubernetes, Docker",72000.0,5000.0,45000.0,45000.0,30,Full-time employee,Unlimited contract,German,1000+,Product,No
93,24-11-2020,29,Male,Berlin,Backend Developer,11.0,2.0,Senior,Python,"Python, Go, AWS, Kubernetes, Docker",85000.0,4000.0,85000.0,4000.0,30,Full-time employee,Unlimited contract,English,51-100,Product,No
94,24-11-2020,44,Male,Munich,Software Engineer,28.0,6.0,Senior,C#,"C/C++, .NET, SQL",78500.0,,78500.0,2000.0,30,Full-time employee,Unlimited contract,English,51-100,Product,No
95,24-11-2020,32,Male,Berlin,Software Engineer,12.0,1.0,Senior,Java,"Python, SQL, AWS, Kubernetes, Docker",83000.0,500.0,75000.0,,27,Full-time employee,Unlimited contract,English,1000+,Product,No
96,24-11-2020,34,Male,Berlin,Software Engineer,15.0,2.0,Lead,Java,"Java / Scala, SQL",80000.0,12000.0,76000.0,11000.0,28,Full-time employee,Unlimited contract,English,1000+,Product,No
97,24-11-2020,26,Male,"Riga, Latvia",Software Engineer,4.0,0.0,Middle,javascript,"Javascript / Typescript, SAP / ABAP",24000.0,,20000.0,,20,Full-time employee,Unlimited contract,English,101-1000,Consulting / Agency,No
98,24-11-2020,41,Male,Berlin,Software Engineer,19.0,7.0,Lead,Python,"C/C++, SQL, AWS, Kubernetes, Docker",95500.0,14500.0,94000.0,7500.0,30,Full-time employee,Unlimited contract,English,1000+,Product,No
99,24-11-2020,35,Male,Cologne,Software Engineer,14.0,7.0,Senior,C++,"Python, C/C++, SQL",72000.0,77000.0,70000.0,70000.0,35,Full-time employee,Unlimited contract,English,101-1000,Product,No
100,24-11-2020,24,Male,Munich,Software Engineer,3.0,2.0,Middle,Java/C++,"Python, C/C++, Javascript / Typescript, Java / Scala, SQL, Kubernetes",77600.0,43500.0,72000.0,18800.0,30,Full-time employee,Unlimited contract,English,1000+,Product,No
101,24-11-2020,35,Male,Hamburg,Software Engineer,13.0,3.0,Lead,Scala / Python,"Python, Ruby, Java / Scala, Google Cloud, Kubernetes, Docker",95000.0,15000.0,90000.0,,25,Full-time employee,Unlimited contract,English,51-100,Startup,No
102,24-11-2020,31,Male,Dusseldorf,Software Engineer,7.0,3.0,Senior,C++,"Python, C/C++, Javascript / Typescript, SQL",50400.0,50400.0,50000.0,50000.0,27,Full-time employee,Unlimited contract,English,1000+,Product,No
103,24-11-2020,30,Male,Moscow,Software Engineer,5.0,0.0,Middle,C,C/C++,14712.0,,14712.0,,30,Full-time employee,Unlimited contract,Russian,101-1000,Product,No
104,24-11-2020,37,Male,Hamburg,Software Engineer,15.0,5.0,Senior,Java,"Python, Javascript / Typescript, Java / Scala, Go, AWS, Kubernetes, Docker",70000.0,,60000.0,,25,Full-time employee,Temporary contract,English,Nov-50,Startup,No
105,24-11-2020,23,Male,Berlin,Software Engineer,4.0,1.0,Middle,Javascript,"Javascript / Typescript, SQL, AWS, Docker",70500.0,,58000.0,,30,Full-time employee,Unlimited contract,English,1000+,Product,No
106,24-11-2020,39,Male,Stuttgart,Software Engineer,11.0,3.0,Lead,PHP,"PHP, SQL, Kubernetes, Docker",75000.0,,75000.0,,30,Full-time employee,Unlimited contract,English,101-1000,Product,No
107,24-11-2020,27,Female,Berlin,Data Scientist,3.0,3.0,Middle,Python,"Python, SQL, Google Cloud, Kubernetes, Docker",58000.0,1000.0,55000.0,,24,Full-time employee,Unlimited contract,English,51-100,Product,No
108,24-11-2020,50,Male,Berlin,Software Engineer,29.0,2.0,Lead,C++,"C/C++, PHP, SQL",28800.0,28800.0,28800.0,28800.0,30,Full-time employee,Unlimited contract,German,Nov-50,IT-Outsourcing,No
109,24-11-2020,35,Male,Helsinki,Backend Developer,11.0,2.5,Senior,python,"SQL, AWS, Docker",66000.0,2000.0,53000.0,56000.0,28,Full-time employee,Unlimited contract,English,101-1000,Product,No
110,24-11-2020,30,Male,Munich,Mobile Developer,8.0,2.0,Lead,Swift,Swift,75000.0,86000.0,60000.0,65000.0,24,Full-time employee,Unlimited contract,English,Nov-50,Startup,No
111,24-11-2020,24,Male,Frankfurt,Frontend Developer,3.0,0.0,Middle,JavaScript,"Javascript / Typescript, Docker",44000.0,3000.0,44000.0,,26,Full-time employee,Unlimited contract,English,51-100,Product,No
112,24-11-2020,28,Male,Berlin,Backend Developer,9.0,2.0,Senior,PHP,"SQL, AWS, Docker",60000.0,1000.0,45000.0,45000.0,25,Full-time employee,Unlimited contract,English,Nov-50,Product,No
113,24-11-2020,37,Male,Berlin,Software Engineer,8.0,5.0,Senior,Python ,"Python, Javascript / Typescript, SQL, Go, AWS, Google Cloud, Kubernetes, Docker",76900.0,77400.0,70000.0,74800.0,26,Full-time employee,Unlimited contract,English,101-1000,Product,No
114,24-11-2020,30,Male,Kiev,Backend Developer,8.0,0.0,Middle,Web developer,"PHP, Javascript / Typescript, SQL, Docker",27000.0,,27000.0,,21,Full-time employee,Temporary contract,Ð ÑƒÑÑÐºÐ¸Ð¹,51-100,Product,No
115,24-11-2020,31,Male,Berlin,Software Engineer,4.0,2.0,Lead,Java,"Kotlin, SQL, AWS, Kubernetes, Docker",95000.0,,89000.0,,28,Full-time employee,Unlimited contract,English,1000+,Startup,No
116,24-11-2020,28,Female,Berlin,Software Engineer,3.0,3.0,Middle,Javascript,"PHP, Javascript / Typescript",60000.0,,55000.0,,28,Full-time employee,Unlimited contract,English,101-1000,Startup,No
117,24-11-2020,31,Female,Munich,Software Engineer,2.0,2.0,Middle,Java,SQL,58000.0,3000.0,26000.0,1500.0,28,Full-time employee,Unlimited contract,German,1000+,Product,No
118,24-11-2020,34,Male,Berlin,Mobile Developer,9.0,2.0,Senior,Android,"Kotlin, Java / Scala",72000.0,12.0,65000.0,,27,Full-time employee,Unlimited contract,English,1000+,Product,No
119,24-11-2020,39,Male,Berlin,DevOps,15.0,3.0,Senior,Python,"Python, Ruby, Java / Scala, Go, Rust, AWS, Kubernetes, Docker, Terraform, helm, packer",70000.0,,70000.0,,21,Full-time employee,Unlimited contract,English,101-1000,Product,No
120,24-11-2020,42,Male,Den Haag,Backend Developer,20.0,6.0,Senior,.NET,"Python, Javascript / Typescript, SQL, AWS, Docker",75000.0,,75000.0,,25,Full-time employee,Unlimited contract,English,101-1000,Product,No
121,24-11-2020,26,Male,London,Frontend Developer,8.0,0.0,Senior,"TypeScript, React","Javascript / Typescript, Google Cloud, Kubernetes, Docker",105000.0,60000.0,85000.0,60000.0,30,Full-time employee,Unlimited contract,English,1000+,Startup,No
122,24-11-2020,27,Male,Amsterdam,ML Engineer,4.0,1.0,Middle,python,"Python, R, SQL, SAP / ABAP, AWS, Kubernetes, Docker",62000.0,62000.0,40000.0,40000.0,25,Full-time employee,Unlimited contract,English,1000+,Product,No
123,24-11-2020,27,Male,Berlin,Tech Lead / Full-Stack,5.0,3.5,Lead,Python / JavaScript (React),"Python, Javascript / Typescript, SQL, AWS, Docker, React, Tailwindcss",90000.0,1000.0,75000.0,1000.0,30,Full-time employee,Unlimited contract,English,Nov-50,Startup,No
124,24-11-2020,32,Male,Munich,Software Engineer,10.0,6.0,Senior,Java,"Javascript / Typescript, Go",88000.0,120000.0,86000.0,115000.0,30,Full-time employee,Unlimited contract,English,1000+,Product,No
125,24-11-2020,31,Male,Berlin,DevOps,11.0,4.0,Senior,Terraform,"PHP, SQL, AWS, Docker",81000.0,,75000.0,,28,Full-time employee,Unlimited contract,English,101-1000,Startup,No
126,24-11-2020,38,Male,Berlin,Mobile Developer,10.0,4.0,Senior,Swift,"Swift, Objective-C",70000.0,,70000.0,5000.0,24,Full-time employee,Unlimited contract,English,1000+,Product,Yes
127,24-11-2020,25,Male,Berlin,Solutions Architect,6.0,2.0,Middle,Apache Spark,"Python, Java / Scala",100000.0,20000.0,73000.0,,30,Full-time employee,Unlimited contract,English,1000+,Product,No
128,24-11-2020,24,Male,Tallinn,Software Engineer,3.0,0.0,Junior,Java,"Python, SQL",30000.0,,28800.0,,28,Full-time employee,Unlimited contract,English,Nov-50,Product,No
129,24-11-2020,27,Male,Prague,Software Engineer,3.0,0.0,Middle,.NET,"Javascript / Typescript, Java / Scala, SQL",21120.0,3520.0,16560.0,2760.0,21,Full-time employee,Temporary contract,Czech,Nov-50,Product,No
130,24-11-2020,34,Female,Berlin,QA Engineer,6.0,2.0,Senior,Ruby,"Ruby, Java / Scala, AWS, Kubernetes, Docker",67500.0,,61400.0,,30,Full-time employee,Unlimited contract,English,1000+,Product,No
131,24-11-2020,30,Male,Utrecht,Data Scientist,2.0,0.0,Middle,python,Google Cloud,48000.0,10000.0,41000.0,6000.0,25,Full-time employee,Temporary contract,English,1000+,Product,No
132,24-11-2020,27,Female,Munich,Frontend Developer,2.0,2.0,Middle,JavaScript,Javascript / Typescript,64000.0,,50000.0,,28,Full-time employee,Unlimited contract,English,101-1000,Startup,No
133,24-11-2020,46,Male,Frankfurt,Software Engineer,23.0,16.0,Senior,C#,"C/C++, Javascript / Typescript, .NET, SQL, Azure",90000.0,96000.0,76000.0,82000.0,30,Full-time employee,Unlimited contract,German,1000+,Consulting / Agency,No
134,24-11-2020,40,Female,Berlin,Fullstack Developer,8.0,8.0,Senior,C#,"PHP, Javascript / Typescript, .NET, SQL, Azure, Kubernetes, Docker, React, Angular2+",57000.0,1500.0,54000.0,100.0,26,Full-time employee,Unlimited contract,German,51-100,Product,No
135,24-11-2020,40,Male,Braunschweig ,SAP BW Senior Consultant ,11.0,11.0,Senior,SAP BW / ABAP,SAP / ABAP,75000.0,5000.0,72000.0,4800.0,30,Full-time employee,Unlimited contract,German,1000+,Financial ,No
136,24-11-2020,38,Male,Berlin,Software Engineer,16.0,2.0,Senior,ABAP,"PHP, SQL, SAP / ABAP, Delphi",83000.0,11000.0,80000.0,80000.0,27,Full-time employee,Unlimited contract,English,1000+,Startup,No
137,24-11-2020,32,Male,Hamburg,Software Engineer,12.0,7.0,Senior,Java,"Kotlin, PHP, Javascript / Typescript, Java / Scala",66300.0,1000.0,65000.0,1000.0,28,Full-time employee,Unlimited contract,German,101-1000,Product,No
138,24-11-2020,37,Male,Stuttgart ,Software Engineer,9.0,5.0,Senior,Qml,C/C++,60000.0,,60000.0,,30,Full-time employee,Unlimited contract,English,101-1000,Consulting / Agency,No
139,24-11-2020,33,Male,Berlin,Director of Engineering,10.0,5.0,Director,PHP,"PHP, Javascript / Typescript, Java / Scala, SQL, AWS, Docker",100000.0,,84000.0,,30,Full-time employee,Unlimited contract,English,1000+,Product,No
140,25-11-2020,36,Male,Munich,IT Spezialist,15.0,6.0,Senior,AWS,"Javascript / Typescript, Java / Scala, AWS, Docker",79300.0,11900.0,73000.0,6000.0,30,Full-time employee,Unlimited contract,German,1000+,Product,No
141,25-11-2020,27,Male,Frankfurt,Software Engineer,5.0,3.0,Middle,C#/.NET,"C/C++, SQL, VBA",48000.0,,45000.0,,28,Full-time employee,Unlimited contract,English,up to 10,Consulting / Agency,No
142,25-11-2020,28,Male,Berlin,Software Engineer,6.0,2.0,Middle,PHP,"Javascript / Typescript, SQL, Go, Docker",60000.0,,60000.0,,26,Full-time employee,Unlimited contract,English,101-1000,E-commerce,No
143,25-11-2020,31,Female,Berlin,QA Engineer,11.0,1.5,Middle,JS,"Ruby, SQL",57000.0,,55000.0,,30,Full-time employee,Unlimited contract,English,101-1000,Startup,No
144,25-11-2020,38,Male,Munich,Software Engineer,15.0,5.0,Senior,Javascript,"Javascript / Typescript, .NET, SQL, AWS, Kubernetes, Docker",80000.0,6000.0,78000.0,5000.0,30,Full-time employee,Unlimited contract,English,51-100,Corporation,No
145,25-11-2020,23,Male,Berlin,Software Engineer,3.0,3.0,Middle,JavaScript,AWS,60000.0,6000.0,52000.0,,30,Full-time employee,Unlimited contract,English,1000+,Product,No
146,25-11-2020,30,Male,Munich,Software Engineer,10.0,4.0,Senior,.NET,"Python, Javascript / Typescript, Azure",75000.0,5000.0,75000.0,7000.0,30,Full-time employee,Unlimited contract,English,1000+,Product,No
147,25-11-2020,31,Male,Berlin,ML Engineer,4.0,4.0,Junior,python,"Python, Java / Scala, AWS",62000.0,8000.0,50000.0,,30,Full-time employee,Unlimited contract,German,1000+,Product,No
148,25-11-2020,42,Male,Berlin,Software Engineer,17.0,9.0,Senior,Go,"Ruby, AWS, Kubernetes, Docker",75000.0,8000.0,73000.0,3000.0,28,Full-time employee,Unlimited contract,English,101-1000,Startup,No
149,25-11-2020,27,Male,Berlin,Software Engineer,6.0,3.0,Middle,Java,"C/C++, Kubernetes, Docker",82000.0,12000.0,94000.0,92000.0,30,Full-time employee,Unlimited contract,English,1000+,Product,No
150,25-11-2020,35,Male,Munich,Backend Developer,14.0,2.5,Senior,Java,"Kotlin, Java / Scala, SQL, Kubernetes, Docker",77000.0,,69300.0,,30,Full-time employee,Unlimited contract,English,101-1000,Startup,No
151,25-11-2020,39,Male,Berlin,Manager,11.0,9.0,Head,Python ,"Python, Kotlin, Java / Scala, AWS",180000.0,150000.0,130000.0,120000.0,28,Full-time employee,Unlimited contract,English,1000+,Product,No
152,25-11-2020,31,Male,Hamburg,ML Engineer,3.0,3.0,Lead,Python ,"Kubernetes, Docker",70000.0,,65000.0,,30,Full-time employee,Unlimited contract,English,Nov-50,Startup,No
153,25-11-2020,33,Male,Munich,Software Engineer,9.0,9.0,Lead,Java,"Python, Kotlin, Javascript / Typescript, SQL, AWS, Docker",100000.0,,100000.0,,29,Full-time employee,Unlimited contract,German,51-100,Product,No
154,25-11-2020,31,Male,Berlin,Mobile Developer,10.0,3.0,Senior,Swift,Swift,80000.0,13500.0,64000.0,64000.0,27,Full-time employee,Unlimited contract,English,1000+,Product,No
155,25-11-2020,33,Male,Nuremberg ,Data Scientist,2.0,2.0,Middle,Python,"R, SQL, AWS, Kubernetes, Docker",54000.0,,54000.0,,30,Full-time employee,Unlimited contract,English,1000+,Market Research ,No
156,25-11-2020,43,Male,Munich,Consultant ,21.0,3.0,Senior,Java,"Javascript / Typescript, .NET, Java / Scala, Docker",72000.0,,63000.0,1000.0,28,Full-time employee,Unlimited contract,German,101-1000,Consulting / Agency,No
157,25-11-2020,33,Male,NÃ¼rnberg,Software Engineer,9.0,9.0,Senior,Javascript / Typescript,"Python, Java / Scala, SQL, Azure, Docker",60000.0,25000.0,60000.0,17000.0,30,Full-time employee,Unlimited contract,German,1000+,Consulting / Agency,No
158,25-11-2020,27,Female,Munich,Mobile Developer,1.0,1.0,Junior,"Kotlin, Java","Kotlin, Java / Scala",50000.0,,50000.0,50000.0,27,Full-time employee,Unlimited contract,English,Nov-50,Startup,No
159,25-11-2020,33,Male,Berlin,Software Engineer,12.0,5.0,Lead,Go,"Go, AWS, Docker",120000.0,50000.0,104000.0,10000.0,30,Full-time employee,Unlimited contract,English,101-1000,Product,No
160,25-11-2020,40,Male,Berlin,QA Engineer,11.0,11.0,Senior,Python,"Python, Java / Scala",60000.0,1000.0,60000.0,1000.0,28,Full-time employee,Unlimited contract,German,101-1000,Product,No
161,25-11-2020,40,Male,Bodensee,Product Manager,17.0,9.0,Lead,Linux Kernel,C/C++,81000.0,7000.0,81000.0,5500.0,30,Full-time employee,Unlimited contract,German,Nov-50,Product,No
162,25-11-2020,39,Male,Berlin,Data Scientist,7.0,4.0,Senior,several,"Python, SQL, AWS, Docker, unix shell scripts",70000.0,70000.0,65000.0,65000.0,28,Full-time employee,Unlimited contract,English,101-1000,Startup,No
163,25-11-2020,25,Male,Berlin,Software Engineer,6.0,2.0,Middle,Java,"Python, Java / Scala, Go, AWS, Kubernetes, Docker",63700.0,1600.0,60000.0,600.0,29,Full-time employee,Unlimited contract,English,1000+,e-commerce,No
164,25-11-2020,28,Male,Berlin,Data Scientist,4.0,4.0,Middle,Python ,"Java / Scala, R, SQL, Docker, Julia ",70000.0,5500.0,70000.0,5500.0,28,Full-time employee,Unlimited contract,English,101-1000,Product,No
165,25-11-2020,36,Female,Munich,Frontend Developer,10.0,3.0,Middle,javascript,Javascript / Typescript,48000.0,,40000.0,,30,Part-time employee,Unlimited contract,German,101-1000,Product,No
166,25-11-2020,29,Female,Berlin,Software Developer in Test,9.0,4.0,Lead,Java,"Javascript / Typescript, SQL, Docker",66000.0,,60000.0,,25,Full-time employee,Unlimited contract,English,101-1000,Startup,No
167,25-11-2020,39,Male,Munich,Software Architect,20.0,12.0,Lead,embedded,"C/C++, Clojure, Assembly",122000.0,45000.0,118000.0,46000.0,28,Full-time employee,Unlimited contract,English,1000+,Product,No
168,25-11-2020,37,Male,Berlin,QA Engineer,6.0,6.0,Middle,Java/Groovy,"AWS, Docker",69200.0,,67100.0,,28,Full-time employee,Unlimited contract,English,101-1000,SaaS,No
169,25-11-2020,32,Male,Munich,Software Engineer,7.0,1.0,Senior,Python ,"Python, Javascript / Typescript, SQL, Docker",72000.0,,65000.0,,29,Full-time employee,Unlimited contract,English,Nov-50,Startup,No
170,25-11-2020,26,Male,Berlin,Data Scientist,5.0,3.0,Middle,Python ,"SQL, AWS, Kubernetes, Docker",59000.0,,55000.0,,26,Full-time employee,Unlimited contract,English,101-1000,Startup,No
171,25-11-2020,36,Male,Berlin,Software Engineer,10.0,10.0,Senior,typescript,"Javascript / Typescript, .NET, Azure",88000.0,,80000.0,,28,Full-time employee,Unlimited contract,German,1000+,Product,No
172,25-11-2020,28,Male,Berlin,Data Engineer,5.0,1.0,Middle,Scala,Java / Scala,65000.0,,60000.0,,30,Full-time employee,Unlimited contract,English,101-1000,Product,No
173,25-11-2020,29,Male,Milan,Data Scientist,4.0,0.0,Middle,Python + SQL,"Python, SQL, Spark",37500.0,,35000.0,,16,Full-time employee,Unlimited contract,Italian,101-1000,Consulting / Agency,No
174,25-11-2020,32,Male,Berlin,Software Engineer,10.0,5.0,Middle,javascript,"Javascript / Typescript, SQL, AWS, Docker",65000.0,5000.0,65000.0,,24,Full-time employee,Unlimited contract,English,51-100,Startup,No
175,25-11-2020,28,Male,Munich,Software Engineer,5.0,4.0,Middle,Java,"Javascript / Typescript, Java / Scala, AWS, Docker",56000.0,8000.0,52000.0,7000.0,25,Full-time employee,Unlimited contract,English,Nov-50,Startup,No
176,25-11-2020,33,Male,Berlin,Software Engineer,16.0,5.0,Senior,Java,"Python, Kotlin, Java / Scala, Go, Rust, AWS, Kubernetes, Docker",83000.0,17000.0,80000.0,10000.0,27,Full-time employee,Unlimited contract,English,1000+,Product,No
177,25-11-2020,34,Male,Munich,QA Engineer,5.0,2.0,Senior,Java,"Kotlin, Swift",76500.0,,72000.0,,3,Full-time employee,Unlimited contract,English,1000+,Product,No
178,25-11-2020,31,Male,Berlin,Frontend Developer,8.0,3.5,Senior,Typescript,"Javascript / Typescript, Google Cloud, Kubernetes, Docker",60000.0,,55000.0,,30,Full-time employee,Unlimited contract,English,Nov-50,Product,No
179,25-11-2020,31,Male,Berlin,Data Scientist,5.0,3.0,Middle,Python,"Python, Java / Scala, SQL, AWS, Docker",90000.0,18000.0,90000.0,12000.0,27,Full-time employee,Unlimited contract,English,101-1000,Product,No
180,25-11-2020,27,Male,Berlin,ML Engineer,6.0,1.0,Middle,Python,AWS,82000.0,38500.0,78000.0,,28,Full-time employee,Unlimited contract,English,1000+,Product,Yes
181,25-11-2020,31,Male,Salzburg,Chief Research Officer,10.0,2.0,C-level executive manager,Python,"Python, C/C++, AWS, Kubernetes, Docker",115000.0,25000.0,81000.0,5000.0,25,Full-time employee,Unlimited contract,English,51-100,Startup,No
182,25-11-2020,32,Male,Berlin,QA Engineer,7.0,3.5,Senior,Swift,Javascript / Typescript,65000.0,,62000.0,3000.0,24,Full-time employee,Temporary contract,English,51-100,Startup,No
183,25-11-2020,35,Male,Berlin,SRE,10.0,3.0,Senior,Terraform ,"Python, AWS, Kubernetes",75000.0,10000.0,75000.0,,28,Full-time employee,Unlimited contract,English,101-1000,Product,No
184,25-11-2020,28,Male,Rome,ML Engineer,2.0,0.0,Middle,Java,"Python, C/C++",36000.0,2400.0,28000.0,,36,Full-time employee,Unlimited contract,English,1000+,Product,No
185,25-11-2020,30,Female,Berlin,Data Scientist,6.0,5.0,Senior,python,"Python, SQL, Google Cloud, Kubernetes, Docker",76000.0,10000.0,63000.0,63000.0,27,Full-time employee,Unlimited contract,English,1000+,Product,No
186,25-11-2020,26,Male,Berlin,Data Engineer,2.0,2.0,Middle,Python,"Python, SQL, AWS, Google Cloud, Kubernetes, Docker",54000.0,1000.0,31000.0,31000.0,27,Full-time employee,Unlimited contract,English,1000+,Product,No
187,25-11-2020,25,Male,Berlin,Data Engineer,3.0,3.0,Senior,Scala,"Python, Java / Scala, SQL, Go, AWS, Google Cloud, Kubernetes, Docker",65000.0,10000.0,58000.0,,27,Full-time employee,Unlimited contract,English,1000+,Product,No
188,25-11-2020,27,Male,Berlin,DevOps,4.0,4.0,Middle,AWS,"Python, AWS, Docker",66000.0,6000.0,61200.0,67200.0,30,Full-time employee,Unlimited contract,English,101-1000,Consulting / Agency,No
189,25-11-2020,37,Female,Berlin,Data Scientist,2.0,2.0,Middle,Python,"R, SQL, AWS",62000.0,,58000.0,600.0,30,Full-time employee,Unlimited contract,German,101-1000,Publisher,No
190,25-11-2020,38,Male,Berlin,Freelance AI lead / advisor,20.0,7.0,Head,C,"Python, C/C++, Docker",200000.0,200000.0,80000.0,80000.0,0,Self-employed (freelancer),0,English,up to 10,Consulting / Agency,Yes
191,25-11-2020,26,Female,Berlin,Data Scientist,4.0,1.0,Middle,"Sql, BQ, tableau, gtm, ga","Python, Javascript / Typescript, SQL",45000.0,,45000.0,,25,Full-time employee,Temporary contract,English,101-1000,Startup,Yes
192,25-11-2020,29,Male,Berlin,Frontend Developer,3.0,3.0,Middle,React ,Javascript / Typescript,43000.0,4300.0,43000.0,4000.0,28,Full-time employee,Unlimited contract,English,51-100,Product,No
193,25-11-2020,30,Male,Berlin,Frontend Developer,4.0,2.0,Senior,TypeScript,Javascript / Typescript,73000.0,,70000.0,,26,Full-time employee,Unlimited contract,English,101-1000,Product,No
194,25-11-2020,30,Male,Berlin,Frontend Developer,11.0,5.0,Senior,Typescript,Java / Scala,74000.0,11000.0,72000.0,10000.0,28,Full-time employee,Unlimited contract,English,1000+,Product,No
195,25-11-2020,40,Male,Berlin,Engineering manager,15.0,6.0,Head,Python,"Python, SQL, Perl, AWS, Google Cloud, Docker",80000.0,,65000.0,,28,Full-time employee,Unlimited contract,English,1000+,Product,No
196,25-11-2020,35,Male,Berlin,Software Engineer,15.0,4.0,Principal,C++,"Python, Swift, Java / Scala",77000.0,20000.0,77000.0,20000.0,30,Full-time employee,Unlimited contract,English,1000+,Product,No
197,25-11-2020,31,Male,Berlin,Software Engineer,8.0,1.0,Senior,"Java, Kotlin","Kotlin, Java / Scala, AWS",77000.0,,72000.0,,27,Full-time employee,Unlimited contract,English,1000+,Product,No
198,25-11-2020,38,Male,Berlin,Data Scientist,15.0,3.0,Senior,Python,"Python, SQL, AWS",56000.0,59000.0,56000.0,59000.0,21,Full-time employee,Unlimited contract,English,Nov-50,Product,No
199,25-11-2020,39,Male,Hamburg,Data Scientist,10.0,10.0,Senior,R,"Python, R, SQL",80000.0,,80000.0,,30,Full-time employee,Unlimited contract,English,1000+,Energy ,No
200,25-11-2020,36,Male,Berlin,Engineering Manager,18.0,10.0,Head,C++,"Python, Swift, Java / Scala",98000.0,25000.0,98000.0,25000.0,30,Full-time employee,Unlimited contract,English,1000+,Product,No
201,25-11-2020,41,Male,Berlin,Backend Developer,20.0,5.0,Senior,Python,"Python, SQL, AWS, Kubernetes, Docker",93000.0,1000.0,88000.0,10000.0,29,Full-time employee,Unlimited contract,English,1000+,Product,No
202,25-11-2020,41,Male,Berlin,Software Engineer,18.0,7.0,Lead,PHP,"SQL, Google Cloud, Kubernetes, Docker",100000.0,100000.0,80000.0,80000.0,28,Full-time employee,Unlimited contract,English,51-100,Product,No
203,25-11-2020,33,Male,Berlin,Software Engineer,10.0,3.0,Lead,javascript,"Javascript / Typescript, AWS, Docker",75000.0,,70000.0,,26,Full-time employee,Unlimited contract,English,101-1000,Startup,No
204,25-11-2020,31,Male,Munich,Software Engineer,3.0,3.0,Middle,JavaScript ,"Javascript / Typescript, Java / Scala",63000.0,63909.0,50400.0,50400.0,30,Full-time employee,Unlimited contract,German,51-100,Product,No
205,25-11-2020,45,Male,Berlin,Backend Developer,30.0,1.0,Senior,PHP,"Javascript / Typescript, Go, AWS, Google Cloud, Docker",55000.0,,55000.0,,24,Full-time employee,Unlimited contract,English,Nov-50,Startup,No
206,25-11-2020,37,Male,Berlin,Embedded Software Engineer,15.0,1.0,Senior,C/C++,"Python, C/C++",78000.0,,78000.0,,28,Full-time employee,Unlimited contract,English,1000+,Product,No
207,25-11-2020,31,Male,Berlin,Software Engineer,9.0,5.0,Lead,javascript,"AWS, Docker",99000.0,99000.0,89000.0,89000.0,30,Full-time employee,Unlimited contract,English,101-1000,Startup,No
208,25-11-2020,32,Male,Amsterdam,Backend Developer,15.0,0.0,Senior,Golang,"Python, Javascript / Typescript, SQL, AWS, Kubernetes, Docker",90000.0,,90000.0,,25,Full-time employee,Unlimited contract,English,Nov-50,Product,No
209,25-11-2020,36,Male,Berlin,Backend Developer,14.0,12.0,Middle,JS,Docker,75000.0,,73500.0,,30,Full-time employee,Unlimited contract,English,101-1000,Product,No
210,25-11-2020,40,Male,Karlsruhe,Team Manager,20.0,6.0,Lead,C#,"Python, .NET, Azure, Kubernetes, Docker",85000.0,15000.0,80000.0,10000.0,30,Full-time employee,Unlimited contract,English,1000+,Enterprise,No
211,25-11-2020,35,Male,Frankfurt,Backend Developer,15.0,15.0,Senior,C,"Python, Javascript / Typescript, SQL, Docker",63000.0,7000.0,63000.0,,30,Full-time employee,Unlimited contract,German,51-100,Product,No
212,25-11-2020,33,Male,Berlin,Software Engineer,10.0,6.0,Lead,C/C++,C/C++,95000.0,15000.0,75000.0,10000.0,30,Full-time employee,Unlimited contract,English,1000+,Product,No
213,25-11-2020,31,Male,Berlin,Software Engineer,4.0,2.0,Middle,Java,"Kotlin, Javascript / Typescript, Docker",67000.0,70500.0,50000.0,55000.0,30,Full-time employee,Unlimited contract,English,1000+,Product,No
214,25-11-2020,31,Male,Boeblingen,QA Engineer,6.0,3.0,Senior,Python,"Python, Squish",53000.0,,53000.0,,30,Full-time employee,Unlimited contract,English,1000+,Consulting / Agency,No
215,25-11-2020,25,Female,Frankfurt,Software Engineer,3.0,2.0,Middle,Java,"Javascript / Typescript, SQL",53000.0,5000.0,48000.0,2004.0,30,Full-time employee,Unlimited contract,German,1000+,Product,No
216,25-11-2020,35,Male,Berlin,Data Analyst,9.0,9.0,Senior,Python,"Python, SQL, AWS, Kubernetes, Docker",77000.0,,70000.0,,28,Full-time employee,Unlimited contract,German,101-1000,Startup,No
217,25-11-2020,35,Male,Berlin,Software Engineer,15.0,10.0,Senior,.net,"C/C++, .NET, Go, Docker",80000.0,80000.0,67000.0,67000.0,30,Full-time employee,Unlimited contract,English,Nov-50,Consulting / Agency,No
218,25-11-2020,41,Male,Berlin,DevOps,20.0,14.0,Senior,"Linux/UNIX, GIT, Virtualisation Platforms, *shell(s) scripts","Python, Javascript / Typescript, SQL, AWS, Google Cloud, Kubernetes, Docker",58800.0,20700.0,56400.0,17000.0,35,Full-time employee,Unlimited contract,German,1000+,Bloody enterprise,No
219,25-11-2020,33,Male,Berlin,DevOps,8.0,3.0,Senior,AWS,"Python, AWS, Kubernetes, Docker",75000.0,1000.0,72500.0,,30,Full-time employee,Unlimited contract,English,1000+,service,No
220,25-11-2020,33,Male,Berlin,Data Engineer,13.0,3.0,Senior,Python,"Python, Java / Scala, SQL, AWS, Kubernetes, Docker",85000.0,5000.0,75000.0,75000.0,26,Full-time employee,Unlimited contract,English,101-1000,Startup,No
221,25-11-2020,38,Male,Munich,Software Engineer,15.0,2.0,Senior,Java,"Java / Scala, Kubernetes, Docker",70000.0,75000.0,70000.0,75000.0,26,Full-time employee,Unlimited contract,English,Nov-50,Product,No
222,25-11-2020,35,Male,Berlin,Software Engineer,10.0,6.0,Senior,php,"Python, PHP, Javascript / Typescript, SQL",78000.0,78000.0,78000.0,78000.0,27,Full-time employee,Unlimited contract,German,up to 10,Product,No
223,25-11-2020,36,Female,Berlin,Data Scientist,5.0,5.0,Senior,Python,"Python, Java / Scala, SQL, AWS",75000.0,,75000.0,,28,Part-time employee,Unlimited contract,English,51-100,Startup,No
224,25-11-2020,49,Male,Munich,Software Engineer,27.0,19.0,Senior,Java,"Javascript / Typescript, Java / Scala, SQL, Docker, Groovy",57000.0,,57000.0,,30,Full-time employee,Unlimited contract,German,101-1000,Consulting / Agency,No
225,25-11-2020,32,Male,Berlin,Software Engineer,10.0,7.0,Lead,TypeScript,Javascript / Typescript,120000.0,,90000.0,,0,Self-employed (freelancer),Temporary contract,Deuglisch,1000+,Concern,Yes
226,25-11-2020,27,Female,Berlin,Data Analyst ,1.0,1.0,Middle,"Python, SQL","Python, SQL",63000.0,,42000.0,46000.0,27,Full-time employee,Unlimited contract,English,1000+,Product,No
227,25-11-2020,31,Male,Paris,Mobile Developer,8.0,0.0,Senior,Swift,Swift,60000.0,6000.0,60000.0,6000.0,30,Full-time employee,Unlimited contract,English,101-1000,Product,No
228,25-11-2020,28,Male,Cologne,Backend Developer,4.0,4.0,Middle,Java,Pl/sql,44000.0,6000.0,44000.0,6000.0,30,Full-time employee,Unlimited contract,German,101-1000,Product,No
229,25-11-2020,27,Male,Berlin,Software Engineer,2.0,1.0,Lead,DWH,SQL,90000.0,7000.0,97000.0,87000.0,31,Full-time employee,Unlimited contract,English,1000+,Product,No
230,25-11-2020,29,Male,Berlin,Frontend Developer,8.0,5.0,Head,JavaScript,"Kubernetes, Docker",82500.0,,65000.0,,30,Full-time employee,Unlimited contract,English,1000+,Product,No
231,25-11-2020,32,Female,Munich,Data Engineer,10.0,2.0,Middle,Python,"Python, SQL, AWS, Docker, Spark, Airflow",75000.0,,70000.0,,27,Full-time employee,Unlimited contract,English,Nov-50,Startup,Yes
232,25-11-2020,28,Male,Berlin,QA Engineer,5.0,1.0,Middle,QA,Python,60000.0,,58000.0,,30,Full-time employee,Unlimited contract,English,101-1000,Product,No
233,25-11-2020,38,Male,Dublin ,Mobile Developer,16.0,0.0,Senior,Swift,"Swift, Java / Scala",85000.0,,85000.0,85000.0,24,Full-time employee,Unlimited contract,English,101-1000,Product,No
234,25-11-2020,29,Male,Berlin,Data Engineer,3.0,3.0,Middle,Azure,"Python, SQL, Azure",54000.0,6000.0,45000.0,,30,Full-time employee,Unlimited contract,German,1000+,Utilities,No
235,25-11-2020,30,Male,Stockholm,Backend Developer,7.0,2.5,Senior,C++,"Python, C/C++, Java / Scala, AWS, Kubernetes, Docker",65000.0,9000.0,60000.0,9000.0,33,Full-time employee,Unlimited contract,English,1000+,Product,No
236,25-11-2020,37,Male,Berlin,Mobile Developer,16.0,2.0,Senior,iOS,"Kotlin, C/C++, Swift, Ruby",65000.0,,55000.0,,30,Full-time employee,Unlimited contract,English,101-1000,Product,No
237,25-11-2020,32,Male,Berlin,QA Engineer,10.0,3.0,Senior,js,"Java / Scala, Google Cloud, Docker",81000.0,45000.0,81000.0,22000.0,30,Full-time employee,Unlimited contract,English,1000+,Product,No
238,25-11-2020,34,Male,Munich,Software Engineer,12.0,8.0,Senior,Java,"Java / Scala, SQL, Go, Google Cloud, Kubernetes, Docker",74000.0,,69000.0,,30,Full-time employee,Unlimited contract,English,101-1000,Product,No
239,25-11-2020,43,Male,Cologne,Backend Developer,10.0,7.0,Senior,Php,PHP,57600.0,8000.0,57600.0,55000.0,26,Full-time employee,Unlimited contract,German,101-1000,Product,No
240,25-11-2020,28,Female,Munich,QA Engineer,8.0,4.0,Senior,Kotlin,"Kotlin, Java / Scala, AWS, Kubernetes, Docker",75000.0,,64000.0,6000.0,30,Full-time employee,Unlimited contract,English,101-1000,Product,No
241,25-11-2020,51,Male,Berlin,Software Engineer,30.0,30.0,Senior,"VB, RPA, Python","Python, PHP, Javascript / Typescript, .NET, SQL, SAP / ABAP",60000.0,5000.0,50000.0,5000.0,30,Full-time employee,Unlimited contract,German,1000+,Consulting / Agency,No
242,25-11-2020,35,Male,Berlin,Software Engineer,8.0,5.0,Senior,Go,"Java / Scala, Go, AWS, Google Cloud, Azure, Kubernetes, Docker",90000.0,100000.0,85000.0,50000.0,30,Full-time employee,Unlimited contract,English,1000+,Product,No
243,25-11-2020,28,Male,Munich,Software Engineer,6.0,3.0,Middle,"C, C++","C/C++, Linux Kernel",64000.0,9000.0,,,30,Full-time employee,Unlimited contract,English,101-1000,Product,No
244,25-11-2020,25,Female,Hamburg,working student (QA),1.0,1.0,Student,Ruby,"Java / Scala, SQL",12000.0,,12000.0,,12,working student,Temporary contract,English,1000+,Product,No
245,25-11-2020,32,Male,Berlin,Backend Developer,10.0,3.0,Lead,Ruby,"Python, Javascript / Typescript, Ruby, SQL, AWS, Docker",80000.0,,68500.0,,28,Full-time employee,Unlimited contract,English,51-100,Product,No
246,25-11-2020,32,Male,Berlin,Software Engineer,9.0,3.0,Lead,Embedded,"Python, C/C++, Go",73000.0,1000.0,65000.0,1000.0,28,Full-time employee,Unlimited contract,English,101-1000,Product,No
247,25-11-2020,26,Male,Berlin,Architect ,9.0,4.0,Head,Go,"Kotlin, Ruby, Go, Rust, AWS, Kubernetes, Docker",120000.0,50000.0,95000.0,40000.0,24,Full-time employee,Unlimited contract,English,1000+,Product,Yes
248,25-11-2020,25,Male,Berlin,Software Engineer,6.0,3.0,Senior,JavaScript / TypeScript,"AWS, Docker",71750.0,6000.0,66000.0,5500.0,30,Full-time employee,Unlimited contract,English,1000+,Product,No
249,25-11-2020,27,Female,Berlin,Backend Developer,5.0,2.5,Middle,Kotlin,"Python, Kotlin, Java / Scala, Google Cloud, Kubernetes",65000.0,,52000.0,,30,Full-time employee,Unlimited contract,English,51-100,Product,No
250,25-11-2020,28,Male,Frankfurt,Frontend Developer,7.0,5.0,Senior,Javascript,"Javascript / Typescript, AWS, Azure, Docker",80000.0,,76000.0,4000.0,29,Full-time employee,Unlimited contract,English,Nov-50,Startup,No
251,25-11-2020,28,Male,Karlsruhe,Backend Developer,7.0,3.0,Senior,Java,"Kotlin, Javascript / Typescript, AWS, Kubernetes, Docker",66000.0,3000.0,66000.0,76000.0,28,Full-time employee,Unlimited contract,English,1000+,Product,No
252,25-11-2020,35,Male,Konstanz,Data Scientist,10.0,10.0,Middle,python,"Python, Azure, Kubernetes",65000.0,,65000.0,,25,Full-time employee,Unlimited contract,English,51-100,Product,No
253,25-11-2020,38,Male,Berlin,Head of Engineering,20.0,9.0,Head,Java,"Python, Kotlin, Java / Scala, SQL, AWS, Kubernetes, Docker",130000.0,20000.0,130000.0,20000.0,30,Full-time employee,Unlimited contract,English,1000+,Corporation,Yes
254,25-11-2020,43,Male,Stuttgart,SAP Consultant,20.0,15.0,Senior,SAP / ABAP,"SQL, SAP / ABAP",82000.0,12000.0,82000.0,10000.0,32,Full-time employee,Unlimited contract,German,1000+,Product,No
255,25-11-2020,35,Male,Munich,DevOps,17.0,5.0,Lead,Kubrrnetes,"R, AWS, Google Cloud, Kubernetes, Docker",72000.0,8000.0,72500.0,8000.0,30,Full-time employee,Unlimited contract,English,1000+,Consulting / Agency,No
256,25-11-2020,37,Male,Berlin,Mobile Developer,17.0,1.0,Senior,Swift,Javascript / Typescript,77000.0,500.0,71000.0,,28,Full-time employee,Unlimited contract,English,1000+,Product,No
257,25-11-2020,38,Male,Stuttgart ,Backend Developer,4.0,2.0,Middle,PHP,"Javascript / Typescript, SQL, Docker",43000.0,,43000.0,,30,Full-time employee,Unlimited contract,English,up to 10,Consulting / Agency,No
258,25-11-2020,41,Male,Munich,Software Engineer,19.0,5.0,Senior,Java,"PHP, Java / Scala, SQL, AWS, Docker",75000.0,,73000.0,,27,Full-time employee,Unlimited contract,English,101-1000,Product,No
259,25-11-2020,29,Male,Barcelona,Data Scientist,0.0,0.0,Junior,Python,"R, SQL",22000.0,2000.0,11000.0,500.0,22,Full-time employee,Unlimited contract,English,51-100,Product,No
260,25-11-2020,26,Female,Dusseldorf,BI Consultant SAP/ Data Engineer,5.0,5.0,Middle,ABAP,"Python, SQL",65000.0,77000.0,46000.0,50000.0,30,Full-time employee,Unlimited contract,German,up to 10,Startup,No
261,25-11-2020,35,Female,Munich,Backend Developer,4.0,4.0,Middle,PHP,"PHP, Javascript / Typescript, Java / Scala",51000.0,4000.0,47000.0,3500.0,30,Full-time employee,Unlimited contract,German,101-1000,Insurance,No
262,26-11-2020,32,Male,Berlin,Frontend Developer,13.0,2.0,Senior,JavaScript,"PHP, Javascript / Typescript",70000.0,1000.0,65000.0,1000.0,25,Full-time employee,Unlimited contract,English,Nov-50,Product,No
263,26-11-2020,33,Male,Dusseldorf,Data Scientist,2.0,2.0,Lead,Spark,"Python, Docker",70000.0,6000.0,60000.0,66000.0,25,Full-time employee,Unlimited contract,English,1000+,Product,No
264,26-11-2020,22,Diverse,Cologne,QA Engineer,1.0,1.0,Head,Cobol,Perl,159000.0,35000.0,98000.0,23000.0,45,Full-time employee,Unlimited contract,German,1000+,Product,No
265,26-11-2020,43,Male,Berlin,Engineering Manager,20.0,20.0,Lead,Java,"C/C++, .NET, Java / Scala, AWS, Kubernetes, Docker",105000.0,,105000.0,,30,Full-time employee,Unlimited contract,English,1000+,Product,No
266,26-11-2020,35,Female,Frankfurt,Software Engineer,1.0,1.0,Junior,ABAP,"SQL, SAP / ABAP",50000.0,,50000.0,,30,Full-time employee,Unlimited contract,German,51-100,Consulting / Agency,No
267,26-11-2020,36,Male,Berlin,Backend Developer,4.0,1.0,Middle,Java,"Python, SQL, Kubernetes, Docker",55000.0,,55000.0,,28,Full-time employee,Unlimited contract,English,101-1000,Product,No
268,26-11-2020,38,Male,Berlin,Backend Developer,5.0,1.0,Middle,Java,"Kotlin, Java / Scala, Google Cloud, Kubernetes, Docker",66000.0,,60000.0,60000.0,28,Full-time employee,Unlimited contract,English,101-1000,Product,No
269,26-11-2020,30,Male,Berlin,Frontend Developer,6.0,1.0,Senior,Javascript,"Python, Javascript / Typescript, SQL, SAP / ABAP",79000.0,10000.0,77000.0,,27,Full-time employee,Unlimited contract,English,1000+,Product,No
270,26-11-2020,30,Male,Berlin,Backend Developer,8.0,2.0,Middle,Python,"SQL, AWS, Kubernetes, Docker",74000.0,11000.0,72000.0,5000.0,27,Full-time employee,Unlimited contract,English,1000+,Product,No
271,26-11-2020,35,Male,Berlin,Software Engineer,13.0,5.0,Lead,TypeScript,"Python, Javascript / Typescript, SQL, AWS, Google Cloud, Kubernetes, Docker, Elixir",103000.0,200000.0,92000.0,25000.0,29,Full-time employee,Unlimited contract,English,101-1000,Startup,No
272,26-11-2020,40,Male,Berlin,Backend Developer,14.0,8.0,Lead,Spring,"Java / Scala, AWS, Azure, Kubernetes, Docker",135000.0,,65000.0,,30,Self-employed (freelancer),Temporary contract,English,101-1000,Product,No
273,26-11-2020,39,Male,Cologne,Teamlead,12.0,12.0,Head,PHP ,"AWS, Docker",75000.0,75000.0,75000.0,75009.0,30,Full-time employee,Unlimited contract,German,up to 10,Startup,No
274,26-11-2020,24,Male,Berlin,Software Engineer,2.0,2.0,Junior,Javascript,"Javascript / Typescript, Java / Scala, SQL, AWS, Docker",50000.0,,35000.0,35000.0,30,Full-time employee,Unlimited contract,German,1000+,Product,No
275,26-11-2020,24,Female,Prague,Software Engineer,3.0,0.0,Middle,Java,"Java / Scala, AWS, Azure, Kubernetes, Docker",29000.0,,23000.0,,20,Full-time employee,Unlimited contract,English,Nov-50,Startup,No
276,26-11-2020,39,Male,Berlin,Engineering Manager,15.0,10.0,Lead,Java,"Python, Kotlin, Javascript / Typescript, SQL, Docker",78000.0,12000.0,78000.0,12000.0,30,Full-time employee,Unlimited contract,German,101-1000,Product,No
277,26-11-2020,31,Male,Berlin,ML Engineer,7.0,2.0,Middle,Python,"AWS, Kubernetes, Docker",80000.0,12000.0,65000.0,,28,Full-time employee,Unlimited contract,English,1000+,Product,No
278,26-11-2020,33,Male,Berlin,Mobile Developer,8.0,2.0,Senior,swift,SQL,75000.0,1000.0,75000.0,1000.0,30,Full-time employee,Unlimited contract,English,1000+,Product,No
279,26-11-2020,31,Female,Berlin,Software Engineer,1.0,1.0,Junior,React,"Python, AWS, Kubernetes, Docker, React",57000.0,1000.0,54000.0,1000.0,30,Full-time employee,Unlimited contract,English,1000+,Retail,No
280,26-11-2020,36,Male,Frankfurt,Software Engineer,16.0,5.0,Middle,.Net,".NET, SQL",65000.0,,65000.0,,30,Full-time employee,Unlimited contract,German,51-100,Consulting / Agency,No
281,26-11-2020,39,Male,Berlin,Software Engineer,19.0,7.0,Senior,Golang,"Python, Ruby, Go, AWS, Google Cloud, Kubernetes, Docker",87000.0,97000.0,82000.0,92000.0,unlimited,Full-time employee,Unlimited contract,English,Nov-50,Startup,No
282,26-11-2020,34,Male,Berlin,Data Scientist,6.0,4.5,Senior,python,"Python, Javascript / Typescript, SQL, Google Cloud, Docker",80000.0,10000.0,76000.0,,27,Full-time employee,Unlimited contract,English,1000+,Product,No
283,26-11-2020,26,Male,Berlin,Data Scientist,4.0,2.0,Middle,Python,"Python, SQL, Google Cloud, Docker",60000.0,6000.0,60000.0,6000.0,27,Full-time employee,Unlimited contract,English,1000+,Ecommerce,No
284,26-11-2020,42,Male,Berlin,Frontend Developer,18.0,5.0,Senior,React JS,Javascript / Typescript,850000.0,95000.0,75000.0,82000.0,35,Full-time employee,Unlimited contract,English,101-1000,Product,Yes
285,26-11-2020,33,Male,Berlin,Software Engineer,10.0,5.0,Senior,Python,"PHP, Javascript / Typescript, SQL, Go, Google Cloud, Kubernetes, Docker",80000.0,10000.0,70000.0,,28,Full-time employee,Unlimited contract,English,1000+,Product,No
286,26-11-2020,28,Male,Berlin,Data Engineer,6.0,1.5,Middle,Python,"Java / Scala, SQL, Kubernetes, Docker",83000.0,,75000.0,,30,Full-time employee,Unlimited contract,English,1000+,Product,No
287,26-11-2020,35,Male,DÃ¼sseldorf,Data Scientist,3.0,3.0,Middle,Python,"SQL, AWS",68000.0,8000.0,60000.0,8000.0,26,Full-time employee,Unlimited contract,English,51-100,E-Commerce,No
288,26-11-2020,35,Male,Berlin,Consultant,16.0,6.0,Senior,Python,"Python, Java / Scala, SQL, Google Cloud",100000.0,30000.0,100000.0,30000.0,30,Full-time employee,Unlimited contract,English,1000+,Product,No
289,26-11-2020,38,Male,Berlin,Software Engineer,15.0,3.0,Senior,Go,"Google Cloud, Docker",75000.0,,73000.0,,28,Full-time employee,Unlimited contract,English,101-1000,Product,No
290,26-11-2020,31,Male,Minsk,Frontend Developer,6.0,0.0,Senior,TypeScript/Angular,"Python, Javascript / Typescript",110000.0,,90000.0,,30,Full-time employee,Unlimited contract,English,Nov-50,Product,No
291,26-11-2020,33,Male,Berlin,Software Engineer,10.0,5.0,Senior,golang,"Go, Google Cloud, Kubernetes, Docker",110000.0,7000.0,110000.0,7000.0,30,Full-time employee,Unlimited contract,English,101-1000,Product,No
292,26-11-2020,37,Male,Munich,Software Engineer,15.0,6.0,Senior,C#,"Python, PHP, Javascript / Typescript, .NET, Java / Scala, AWS, Azure",80000.0,,65000.0,,30,Full-time employee,Unlimited contract,German,51-100,Consulting / Agency,Yes
293,26-11-2020,42,Male,Berlin,Software Engineer,20.0,2.0,Senior,PHP,"PHP, Javascript / Typescript, AWS, Docker",65000.0,5000.0,63000.0,10000.0,27,Full-time employee,Unlimited contract,English,101-1000,Startup,No
294,26-11-2020,31,Male,Nuremberg,QA Engineer,9.0,5.0,Middle,Java,"Javascript / Typescript, Java / Scala",60000.0,65000.0,57000.0,59000.0,30,Full-time employee,Unlimited contract,English,1000+,Product,No
295,26-11-2020,34,Female,Berlin,QA Engineer,11.0,11.0,Senior,Python,"AWS, Kubernetes, Docker",60000.0,2000.0,36000.0,,28,Full-time employee,Unlimited contract,German,1000+,Product,No
296,26-11-2020,35,Male,Berlin,Engineering Manager,20.0,6.0,Lead,Go,"PHP, Java / Scala, Go, AWS, Docker",85000.0,,75000.0,,26,Full-time employee,Unlimited contract,English,Nov-50,Product,No
297,26-11-2020,37,Male,Berlin,Software Engineer,11.0,5.0,Senior,Python,"C/C++, SQL, Docker",73000.0,30000.0,67000.0,,28,Full-time employee,Unlimited contract,English,101-1000,Product,No
298,27-11-2020,34,Male,Berlin,Mobile Developer,9.0,2.0,Senior,iOS,Swift,80000.0,10000.0,67000.0,,27,Full-time employee,Unlimited contract,English,1000+,Product,No
299,27-11-2020,33,Female,Berlin,Data Scientist,8.0,4.0,Senior,Python ,"SQL, Google Cloud, Docker",77000.0,,70000.0,,27,Full-time employee,Unlimited contract,English,1000+,Product,No
300,27-11-2020,46,Male,Stuttgart,Software Engineer,13.0,6.0,Middle,C++,Python,70000.0,3000.0,68000.0,,30,Full-time employee,Unlimited contract,English,1000+,Product,No
301,27-11-2020,34,Male,Berlin,Lead Software Developer,13.0,2.0,Lead,C#,".NET, Kubernetes, Docker",65000.0,,65000.0,,30,Full-time employee,Unlimited contract,English,51-100,Product,No
302,27-11-2020,35,Male,Berlin,Software Engineer,15.0,4.0,Senior,Java,"Python, SQL, AWS, Docker",85000.0,,85000.0,,25,Full-time employee,Unlimited contract,English,Nov-50,Product,No
303,27-11-2020,31,Male,Berlin,Software Engineer,7.0,5.0,Lead,python,"Python, Javascript / Typescript, SQL, Go, AWS, Google Cloud, Kubernetes, Docker",80000.0,10000.0,85000.0,,28,Full-time employee,Unlimited contract,English,1000+,Product,Yes
304,27-11-2020,24,Male,Berlin,Software Engineer,2.0,2.0,Junior,Java,"Python, Java / Scala, SQL, AWS, Google Cloud, Kubernetes, Docker",60000.0,,60000.0,,28,Full-time employee,Unlimited contract,German,up to 10,Consulting / Agency,No
305,27-11-2020,30,Male,Hannover,Software Engineer,5.0,3.0,Middle,Python,"Javascript / Typescript, Java / Scala, SQL",45000.0,,45000.0,,30,Full-time employee,Unlimited contract,English,up to 10,Startup,No
306,27-11-2020,37,Male,Walldorf,ML Engineer,15.0,15.0,Lead,Python,"AWS, Google Cloud, Kubernetes, Docker",80000.0,15000.0,75000.0,15000.0,30,Full-time employee,Unlimited contract,English,1000+,Product,No
307,27-11-2020,39,Male,Munich,Software Engineer,8.0,7.0,Senior,Python,C/C++,130000.0,50000.0,125000.0,50000.0,30,Full-time employee,Unlimited contract,English,1000+,Product,No
308,27-11-2020,26,Female,Berlin,Tech recruiting,2.5,2.5,Middle,JS,Python,40000.0,1000.0,33000.0,,25,Full-time employee,Unlimited contract,English,101-1000,Product,No
309,27-11-2020,30,Male,Hamburg,Data Scientist,5.0,4.0,Head,Python,"R, SQL, AWS",80000.0,90000.0,70000.0,80000.0,25,Full-time employee,Unlimited contract,English,Nov-50,Startup,No
310,27-11-2020,44,Male,Frankfurt,Software Engineer,10.0,10.0,Senior,SAP ABAP,SAP / ABAP,75000.0,80000.0,73000.0,78000.0,30,Full-time employee,Unlimited contract,Russian,101-1000,Product,No
311,27-11-2020,26,Male,Munich,ML Engineer,5.0,4.0,Senior,Spark,"Python, Java / Scala, R, SQL",180000.0,,190000.0,,40,Self-employed (freelancer),Temporary contract,German,up to 10,Consulting / Agency,No
312,27-11-2020,28,Male,Frankfurt,Mobile Developer,5.0,1.0,Senior,Swift,Swift,50000.0,,50000.0,,24,Full-time employee,Unlimited contract,English,Nov-50,Consulting / Agency,No
313,27-11-2020,28,Male,"Warsaw, Poland",Software Engineer,6.0,3.0,Middle,C#,"Javascript / Typescript, .NET, SQL",52800.0,4400.0,47500.0,3900.0,26,Full-time employee,Unlimited contract,English,51-100,Consulting / Agency,No
314,27-11-2020,29,Male,Munich,Data Scientist,4.0,4.0,Middle,Python,"Java / Scala, SQL, AWS, Azure",61500.0,66500.0,53000.0,58000.0,30,Full-time employee,Unlimited contract,English,Nov-50,Consulting / Agency,No
315,27-11-2020,29,Male,Munich,Software Engineer,4.0,4.0,Middle,R,"Python, SQL",78000.0,4000.0,78000.0,4000.0,30,Full-time employee,Unlimited contract,English,1000+,Semiconductor,No
316,27-11-2020,36,Male,Berlin,CTO,15.0,13.0,C-Level,Java & PHP,"Python, PHP, Javascript / Typescript, Java / Scala, SQL, AWS, Google Cloud, Kubernetes, Docker",150000.0,50000.0,120000.0,30000.0,30,Full-time employee,Unlimited contract,German,101-1000,Media,No
317,27-11-2020,37,Male,Munich,Software Engineer,14.0,6.0,Head,Typescript,"Python, Javascript / Typescript, Java / Scala, SQL, AWS, Google Cloud, Docker",84000.0,84000.0,84000.0,80000.0,30,Full-time employee,Unlimited contract,English,up to 10,Product,No
318,27-11-2020,35,Male,Berlin,Data Analyst,5.0,5.0,Middle,R,"R, SQL, Google Cloud",49000.0,,48000.0,,26,Full-time employee,Unlimited contract,English,101-1000,Product,No
319,27-11-2020,36,Male,Berlin,Backend Developer,5.0,2.0,Senior,Java,"Java / Scala, Kubernetes, Docker",70000.0,,60000.0,,28,Full-time employee,Unlimited contract,English,101-1000,Startup,No
320,27-11-2020,33,Male,Munich,Backend Developer,10.0,10.0,Senior,Java,"Python, Kotlin, Go, Kubernetes",70000.0,,70000.0,70000.0,30,Full-time employee,Unlimited contract,English,Nov-50,Consulting / Agency,No
321,27-11-2020,30,Male,Berlin,Software Engineer,10.0,7.0,Lead,Frontend,"C/C++, Javascript / Typescript, Go, AWS, Docker",115000.0,17000.0,100000.0,8500.0,28,Full-time employee,Unlimited contract,English,1000+,Consulting / Agency,No
322,27-11-2020,34,Male,Berlin,BI Developer / Data Engineer,10.0,5.0,Senior,SQL,Python,75000.0,7500.0,65000.0,65000.0,30,Full-time employee,Unlimited contract,English,101-1000,Product,No
323,27-11-2020,34,Male,Berlin,DevOps,12.0,2.0,Lead,Kubernetes,"Python, Go, AWS, Kubernetes, Docker",94000.0,,92000.0,,28,Full-time employee,Unlimited contract,English,1000+,Product,No
324,27-11-2020,31,Male,Munich,ML Engineer,4.0,4.0,Senior,Python,Python,100000.0,100000.0,86000.0,86000.0,20,Full-time employee,Unlimited contract,English,1000+,Product,No
325,27-11-2020,33,Male,Frankfurt,Software Engineer,8.0,5.0,Senior,C#,"Javascript / Typescript, .NET, SQL",67000.0,6000.0,63500.0,5000.0,28,Full-time employee,Unlimited contract,English,Nov-50,Product,No
326,28-11-2020,33,Male,Heilbronn,Senior Scrum Master (RTE),7.0,7.0,Lead,C++,C/C++,90000.0,,104000.0,10000.0,30,Full-time employee,Unlimited contract,German,1000+,Product,No
327,28-11-2020,31,Male,Berlin,Backend Developer,9.0,9.0,Senior,"Grails, Groovy","Java / Scala, SQL, AWS",67473.0,,63000.0,,28,Full-time employee,Unlimited contract,English,101-1000,Product,No
328,28-11-2020,35,Male,Berlin,Data Scientist,15.0,10.0,Middle,C++,Python,60000.0,,60000.0,,30,Full-time employee,Temporary contract,English,101-1000,Product,No
329,28-11-2020,33,Male,Munich,SRE,10.0,4.0,Senior,PHP,"Python, Javascript / Typescript, Ruby, Java / Scala, AWS, Kubernetes, Docker",79000.0,,75000.0,3000.0,30,Full-time employee,Unlimited contract,English,1000+,Product,No
330,28-11-2020,25,Female,Berlin,support engineer,2.0,2.0,Middle,python ,"Python, Javascript / Typescript, Ruby, SQL",45000.0,45000.0,12000.0,12000.0,26,Full-time employee,Unlimited contract,English,1000+,Startup,Yes
331,29-11-2020,38,Male,Berlin,Backend Developer,8.0,8.0,Senior,Perl,"SQL, Go, AWS, Docker",64000.0,73000.0,64000.0,64000.0,30,Full-time employee,Unlimited contract,German,1000+,Product,No
332,29-11-2020,34,Male,Munich,Backend Developer,13.0,2.0,Lead,Java,"Kotlin, Javascript / Typescript, Java / Scala, AWS, Azure, Kubernetes, Docker",105000.0,15000.0,70000.0,7000.0,30,Full-time employee,Unlimited contract,English,Nov-50,Startup,No
333,29-11-2020,27,Male,Berlin,Data Engineer,6.0,3.0,Middle,Python,"Python, AWS",74000.0,21000.0,70000.0,,25,Full-time employee,Unlimited contract,English,1000+,Product,No
334,29-11-2020,30,Female,Cologne,Data Scientist,8.0,7.0,Senior,"Python, cloud computing ","Python, SQL, AWS, Azure",85000.0,7000.0,83200.0,6800.0,30,Full-time employee,Unlimited contract,both,1000+,Utilities,No
335,29-11-2020,38,Male,Berlin,Software Engineer,12.0,6.0,Senior,Java,Kotlin,92000.0,40000.0,85000.0,30000.0,Unlimited,Full-time employee,Unlimited contract,English,1000+,Product,No
336,29-11-2020,34,Male,City in Russia,Software Architect,14.0,0.0,Lead,Haskell,"Python, C/C++, .NET, SQL",100000.0,,80000.0,,30,Full-time employee,Temporary contract,English,51-100,Product,No
337,29-11-2020,29,Male,Berlin,Frontend Developer,8.0,7.0,Senior,JavScript,"Javascript / Typescript, AWS, Docker",77250.0,87250.0,65000.0,72000.0,27,Full-time employee,Unlimited contract,English,101-1000,Product,No
338,29-11-2020,36,Male,Berlin,Software Engineer,5.0,1.0,Middle,JavaScript,Javascript / Typescript,60000.0,,60000.0,,26,Full-time employee,Unlimited contract,English,101-1000,Startup,No
339,30-11-2020,43,Male,Berlin,Software Engineer,20.0,3.0,Middle,Ruby,"Kotlin, PHP, Ruby, Java / Scala, SQL, AWS, Kubernetes, Docker",70000.0,20000.0,70000.0,10000.0,25,Full-time employee,Unlimited contract,English,1000+,Product,No
340,30-11-2020,36,Male,Nuremberg,Software Engineer,20.0,20.0,Lead,Java,"Java / Scala, SQL, Kubernetes, Docker",74000.0,6000.0,74000.0,6000.0,28,Full-time employee,Unlimited contract,German,1000+,Finance,No
341,30-11-2020,26,Male,Berlin,Backend Developer,2.0,2.0,Junior,Php,"PHP, Javascript / Typescript, SQL, Docker",25000.0,1000.0,25000.0,700.0,24,Full-time employee,Unlimited contract,German,Nov-50,Product,No
342,30-11-2020,34,Male,Stuttgart ,Software Engineer,6.0,6.0,Head,C++,"Python, Javascript / Typescript, Java / Scala, R, SQL, AWS, Google Cloud, Azure, Kubernetes, Docker",90000.0,1000.0,70000.0,,30,Full-time employee,Unlimited contract,German,1000+,Product,No
343,30-11-2020,30,Male,Frankfurt,Big Data Engineer,3.0,3.0,Middle,Python,"SQL, Docker, Apache Spark, Apache Hadoop, Oracle, PostgreSQL, Bash, Apache Impala, Apache Hive",65000.0,3000.0,47000.0,47000.0,30,Full-time employee,Unlimited contract,English,101-1000,Consulting and Product,No
344,30-11-2020,26,Male,Berlin,Software Engineer,5.0,1.0,Middle,Python (Django),"Python, Javascript / Typescript, SQL, Google Cloud, Kubernetes, Docker",69000.0,2000.0,60000.0,,27,Full-time employee,Unlimited contract,English,101-1000,Product,No
345,30-11-2020,33,Female,Brunswick,Software Engineer,6.0,4.0,Middle,C++,Python,58000.0,6000.0,53000.0,14000.0,30,Full-time employee,Unlimited contract,German,1000+,Product,No
346,30-11-2020,26,Male,Berlin,Backend Developer,6.0,3.0,Senior,Go,"PHP, Go",70000.0,71000.0,64000.0,,27,Full-time employee,Unlimited contract,English,1000+,Product,No
347,30-11-2020,23,Male,Dublin,Data Analyst,3.0,0.0,Senior,Python,"Python, R, SQL",49200.0,2000.0,44500.0,1500.0,21,Full-time employee,Unlimited contract,English,1000+,Product,No
348,30-11-2020,28,Male,Berlin,ML Engineer,1.0,1.0,Junior,Python,"C/C++, AWS, Google Cloud, Docker",43000.0,43000.0,42000.0,42000.0,14,Full-time employee,Unlimited contract,English,up to 10,Startup,Yes
349,30-11-2020,35,Male,Berlin,Data Scientist,12.0,3.5,Senior,Python,"R, SQL, AWS, Docker",77000.0,12000.0,65000.0,10000.0,27,Full-time employee,Unlimited contract,English,1000+,Startup,Yes
350,30-11-2020,26,Male,Lisbon,Software Engineer,4.0,0.0,Middle,JavaScript,"Javascript / Typescript, Ruby, SQL",21000.0,,19000.0,,22,Full-time employee,Unlimited contract,English,51-100,Product,No
351,30-11-2020,30,Male,Barcelona,Data Scientist,5.0,0.0,Senior,R,"Python, SQL",40000.0,,40000.0,,25,Full-time employee,Unlimited contract,Spanish,1000+,Consulting / Agency,No
352,30-11-2020,24,Male,Sofia,ML Engineer,5.0,0.0,Senior,Python,"Python, C/C++, SQL, Google Cloud, Kubernetes, Docker",64000.0,,40000.0,,20,Full-time employee,Unlimited contract,English,Nov-50,Startup,No
353,30-11-2020,35,Male,Frankfurt,Manager ,6.0,5.0,Head,C,"Python, C/C++, Docker",90000.0,7500.0,88000.0,7500.0,30,Full-time employee,Unlimited contract,English,1000+,Product,No
354,30-11-2020,27,Male,Rome,Data Scientist,2.0,0.0,Junior,SQL,"Python, SQL, Google Cloud",25300.0,3000.0,25300.0,300.0,24,Full-time employee,Temporary contract,Italian,1000+,Consulting / Agency,No
355,30-11-2020,27,Female,Munich,Backend Developer,6.0,4.0,Senior,Java,Python,85600.0,10000.0,75000.0,10000.0,25,Full-time employee,Unlimited contract,English,101-1000,Product,No
356,30-11-2020,29,Male,Bonn,Data Scientist,2.0,2.0,Middle,Python,SQL,55200.0,,50000.0,,30,Full-time employee,Temporary contract,English,1000+,Product,No
357,30-11-2020,29,Male,Berlin,AI Management,6.0,6.0,Head,Python,"Python, Azure, Docker",92000.0,14000.0,75000.0,78000.0,30,Full-time employee,Unlimited contract,German,1000+,Product,No
358,30-11-2020,34,Male,Berlin,Backend Developer,14.0,6.0,Lead,Kotlin,"Python, Kotlin, Java / Scala, SQL, AWS, Kubernetes, Docker",96000.0,100000.0,85000.0,90000.0,29,Full-time employee,Unlimited contract,English,1000+,Startup,No
359,30-11-2020,35,Male,Luttich,Data Scientist,12.0,0.0,Lead,Python,"Python, R, Spark",85000.0,95000.0,80000.0,90000.0,37.5,Full-time employee,Unlimited contract,English,1000+,Product,No
360,30-11-2020,54,Male,Milano,Sales ,31.0,6.0,Head,Network Automation,Python,110000.0,100000.0,110000.0,100000.0,29,Full-time employee,Unlimited contract,English,Nov-50,Consulting / Agency,No
361,30-11-2020,31,Male,Berlin,Software Engineer,6.0,4.0,Senior,Kotlin,"Kotlin, PHP, Java / Scala, SQL, Go, AWS, Kubernetes",90000.0,99000.0,80000.0,80000.0,28,Full-time employee,Unlimited contract,English,1000+,Product,No
362,30-11-2020,36,Male,Zurich,Backend Developer,15.0,2.0,Senior,C++,"C/C++, Java / Scala",172000.0,100000.0,169000.0,120000.0,25,Full-time employee,Unlimited contract,English,1000+,Product,No
363,30-11-2020,28,Male,Frankfurt,XR Developer,8.0,1.0,Lead,C#,"Python, Javascript / Typescript",25000.0,2000.0,25000.0,5000.0,1,Full-time employee,Temporary contract,English,Nov-50,Startup,No
364,30-11-2020,33,Male,Berlin,Backend Developer,13.0,1.5,Senior,Python,"Python, Go, Docker",83000.0,,73000.0,,30,Full-time employee,Unlimited contract,English,51-100,Startup,No
365,30-11-2020,35,Male,Berlin,Data Engineer,6.0,6.0,Senior,Java,"Python, Java / Scala, SQL, Go, AWS, Kubernetes, Docker",200000.0,200000.0,200000.0,200000.0,14,Self-employed (freelancer),Temporary contract,English,Nov-50,Startup,No
366,30-11-2020,35,Male,Berlin,Software Engineer,2.0,2.0,Middle,"python, scala","Python, Java / Scala, SQL, AWS, Docker",50000.0,500.0,42000.0,500.0,45,Full-time employee,Unlimited contract,English,1000+,Product,No
367,30-11-2020,29,Male,Berlin,DevOps,11.0,7.0,Lead,TypeScript,"Python, Javascript / Typescript, SQL, Google Cloud, Kubernetes, Docker",140000.0,,140000.0,,5,Self-employed (freelancer),Unlimited contract,English,up to 10,Startup,No
368,30-11-2020,32,Male,Hamburg,Backend Developer,14.0,6.0,Lead,Java,"Javascript / Typescript, .NET, SQL",80000.0,5000.0,70000.0,5000.0,28,Full-time employee,Unlimited contract,English,101-1000,Startup,No
369,30-11-2020,30,Male,Munich,Data Scientist,2.0,2.0,Middle,Python,"Python, C/C++, Java / Scala, AWS, Azure, spark",50000.0,5000.0,45000.0,5000.0,30,Full-time employee,Unlimited contract,English,Nov-50,Startup,No
370,30-11-2020,30,Male,Berlin,ML Engineer,6.0,2.0,Middle,Python,"SQL, AWS, Docker",59000.0,,54000.0,,28,Full-time employee,Unlimited contract,English,51-100,Startup,No
371,30-11-2020,30,Male,Frankfurt,Data Scientist,5.0,4.0,Middle,Python,"Javascript / Typescript, Java / Scala, R, Google Cloud, Azure, Kubernetes, Docker",52500.0,,52500.0,,30,Full-time employee,Unlimited contract,English,Nov-50,Startup,No
372,30-11-2020,31,Male,Berlin,Data Analyst,7.0,6.0,Senior,Sql,"Python, R, SQL",83000.0,20000.0,75000.0,20000.0,26,Full-time employee,Unlimited contract,English,101-1000,Startup,No
373,30-11-2020,28,Male,warsaw,Data Scientist,3.0,0.0,Middle,Python,"Java / Scala, SQL, AWS, Google Cloud",50000.0,10000.0,30000.0,30000.0,21,Self-employed (freelancer),Unlimited contract,English,101-1000,Product,No
374,30-11-2020,29,Male,Berlin,Data Scientist,5.0,2.0,Senior,Python,"Python, R, SQL, Google Cloud",75000.0,,75000.0,,24,Full-time employee,Unlimited contract,English,Nov-50,Startup,Yes
375,30-11-2020,40,Male,Mannheim,Software Engineer,9.0,9.0,Middle,C,"Python, C/C++, Javascript / Typescript, Java / Scala, Perl, MATLAB",88000.0,5000.0,87000.0,3000.0,30,Full-time employee,Unlimited contract,English,1000+,Product,No
376,30-11-2020,38,Male,Munich,Product Manager,12.0,12.0,Senior,Node,"Python, PHP, SQL",74000.0,14000.0,71000.0,11000.0,30,Full-time employee,Unlimited contract,English,1000+,Product,No
377,30-11-2020,32,Male,Berlin,Data Engineer,7.0,5.0,Senior,Python/SQL,"AWS, Kubernetes, Docker",82000.0,82000.0,75000.0,80000.0,30,Full-time employee,Unlimited contract,English,101-1000,Product,No
378,30-11-2020,37,Male,Berlin,Data Scientist,10.0,10.0,Senior,Python,"Python, SQL, AWS, Azure, Kubernetes, Docker",82000.0,,79000.0,,30,Full-time employee,Unlimited contract,English,101-1000,Product,No
379,30-11-2020,29,Male,Karlsruhe,DevOps,6.0,5.0,Senior,"php, js, python, docker","SQL, AWS, Azure",64800.0,9450.0,58800.0,7050.0,30,Full-time employee,Unlimited contract,English,Nov-50,Startup,No
380,30-11-2020,39,Male,Berlin,Software Engineer,12.0,6.0,Lead,Javascript,"Python, Javascript / Typescript, SQL, AWS, Docker",82000.0,2000.0,80000.0,,30,Full-time employee,Unlimited contract,English,1000+,Product,No
381,30-11-2020,32,Male,Vienna,DataOps Team Lead,10.0,10.0,Lead,Java,"Javascript / Typescript, SQL, Go, Google Cloud, Kubernetes, Docker",80000.0,40000.0,80000.0,35000.0,25,Full-time employee,Unlimited contract,German,1000+,Transport & Logistics,No
382,30-11-2020,30,Male,Berlin,Software Engineer,9.0,1.0,Middle,"TypeScript, Kotlin","Kotlin, Javascript / Typescript, Rust",77000.0,,74000.0,,26,Full-time employee,Unlimited contract,English,1000+,Product,No
383,01-12-2020,32,Female,Munich,Data Scientist,5.0,5.0,Senior,Python ,"Python, Go",80000.0,,75000.0,,30,Full-time employee,Unlimited contract,German,1000+,Product,No
384,01-12-2020,25,Male,Hamburg,Backend Developer,5.0,1.0,Middle,Java,"Kotlin, SQL",53500.0,53500.0,50000.0,50000.0,29,Full-time employee,Unlimited contract,English,1000+,Product,No
385,01-12-2020,39,Male,Siegen,Software Engineer,16.0,6.0,Senior,Embedded,C/C++,62400.0,5000.0,60000.0,5000.0,30,Full-time employee,Unlimited contract,Russian,1000+,Product,No
386,01-12-2020,32,Male,Innsbruck,Data Scientist,3.0,0.0,Senior,Python,"R, SQL, AWS, Google Cloud",62000.0,3000.0,62000.0,3000.0,25,Full-time employee,Unlimited contract,English,1000+,Product,No
387,01-12-2020,30,Female,Munich,Frontend Developer,9.0,3.0,Senior,"JavaScript, TypeScript",PHP,60000.0,4000.0,51000.0,4000.0,28,Full-time employee,Unlimited contract,English,1000+,Product,No
388,01-12-2020,28,Female,Berlin,Data Analyst,3.0,2.5,Middle,SQL,"Python, Javascript / Typescript, Ruby, AWS",53000.0,,43000.0,,30,Full-time employee,Unlimited contract,English,101-1000,Product,No
389,01-12-2020,28,Male,Berlin,Data Scientist,6.0,6.0,Lead,"Python, SQL","Python, Javascript / Typescript, SQL, AWS, Google Cloud",78000.0,,78000.0,,26,Full-time employee,Unlimited contract,English,51-100,Consulting / Agency,No
390,01-12-2020,35,Male,Berlin,Software Engineer,20.0,5.0,Senior,JavaScript,"Javascript / Typescript, AWS, Kubernetes, Docker",100000.0,,90000.0,,32,Full-time employee,Unlimited contract,English,1000+,Product,No
391,01-12-2020,23,Female,Berlin,Data analyst ,1.0,1.0,Junior,Sql ,"Python, R, SQL, Google Cloud",36000.0,36000.0,36000.0,36000.0,28,Full-time employee,Unlimited contract,English,1000+,Startup,No
392,01-12-2020,28,Male,Munich,Software Engineer,3.0,3.0,Junior,.NET,"Python, C/C++, .NET",65000.0,13000.0,65000.0,13000.0,30,Full-time employee,Unlimited contract,English,1000+,Finance,No
393,01-12-2020,36,Male,Berlin,Software Engineer,10.0,10.0,Principal,Java & Distributed Systems Stuff,"Python, Javascript / Typescript, Java / Scala, SQL, Google Cloud, Kubernetes, Docker",100000.0,35000.0,85000.0,28500.0,28,Full-time employee,Unlimited contract,English,1000+,Product,No
394,01-12-2020,28,Male,Zurich,Software Engineer,6.0,0.0,Middle,C++,"Python, C/C++, Java / Scala",100000.0,18000.0,140000.0,73000.0,25,Full-time employee,Unlimited contract,German,Nov-50,Product,No
395,01-12-2020,26,Female,Prague,Software Engineer,4.0,1.0,Middle,C#,.NET,64000.0,,55000.0,,25,Full-time employee,Unlimited contract,"Russian, English",1000+,Product,No
396,01-12-2020,26,Male,Berlin,Product Analyst,4.0,3.0,Middle,Python,"Python, Javascript / Typescript, SQL, Google Cloud",55000.0,,45000.0,,26,Full-time employee,Unlimited contract,English,1000+,Product,No
397,01-12-2020,31,Male,Munich,Software Engineer,5.0,2.0,Middle,Java,"Javascript / Typescript, Java / Scala, SQL, Docker",74000.0,3000.0,68000.0,3000.0,27,Full-time employee,Unlimited contract,English,1000+,Product,No
398,01-12-2020,34,Female,Hildesheim ,QA Engineer,11.0,2.0,Senior,QA,"Python, SQL",60000.0,2000.0,60000.0,1000.0,30,Full-time employee,Unlimited contract,German,1000+,Product,No
399,02-12-2020,31,Male,Berlin,Software Engineer,7.0,2.0,Senior,Java,"SQL, AWS, Kubernetes, Docker",75000.0,12500.0,75000.0,12500.0,30,Full-time employee,Unlimited contract,English,101-1000,Product,No
400,02-12-2020,36,Male,Berlin,Backend Developer,16.0,8.0,Lead,Scala,"Python, Kotlin, Java / Scala, SQL, AWS, Kubernetes, Docker",120000.0,120000.0,120000.0,120000.0,30,Full-time employee,Unlimited contract,English,101-1000,Startup,No
401,02-12-2020,30,Male,Berlin,Backend Developer,4.0,2.0,Middle,python,Python,58000.0,,55000.0,,24,Full-time employee,Unlimited contract,English,101-1000,Product,No
402,02-12-2020,35,Male,Berlin,Software Engineer,12.0,6.0,Middle,Kotlin,"Python, Ruby, Java / Scala, AWS",75000.0,95000.0,74000.0,94000.0,28,Full-time employee,Unlimited contract,English,1000+,Product,No
403,02-12-2020,28,Male,Cologne,Software Engineer,5.0,1.0,Middle,Java,"Python, Kotlin, Javascript / Typescript, SQL, Docker",50000.0,50000.0,50000.0,50000.0,25,Full-time employee,Unlimited contract,Russian,101-1000,Product,No
404,02-12-2020,42,Male,Berlin,Backend Developer,19.0,3.0,Senior,PHP,"Kotlin, SQL, Kubernetes, Docker",66000.0,4000.0,65000.0,5000.0,26,Full-time employee,Unlimited contract,English,101-1000,Product,No
405,02-12-2020,34,Male,Berlin,Backend Developer,14.0,4.0,Senior,Kotlin,"Java / Scala, SQL, AWS, Kubernetes, Docker",95000.0,125000.0,90000.0,90000.0,28,Full-time employee,Unlimited contract,English,1000+,Product,No
406,02-12-2020,36,Female,Berlin,Data Scientist,5.0,5.0,Senior,Python,"Python, R",87000.0,15000.0,77000.0,12000.0,30,Full-time employee,Unlimited contract,English,1000+,Product,No
407,02-12-2020,31,Male,Berlin,Software Engineer,4.0,4.0,Senior,Python,"Python, Javascript / Typescript, AWS, Docker",68000.0,,64000.0,1000.0,30,Full-time employee,Unlimited contract,English,101-1000,Startup,No
408,03-12-2020,32,Male,Berlin,Software Engineer,13.0,5.0,Lead,JavaScript,"Javascript / Typescript, SQL, AWS, Docker",83000.0,3000.0,80000.0,,30,Full-time employee,Unlimited contract,English,1000+,Product,No
409,03-12-2020,36,Male,Prefer not to say,ML Engineer,6.0,6.0,Senior,Python,"Python, R, Docker",110000.0,25000.0,65000.0,2500.0,30,Full-time employee,Unlimited contract,English,101-1000,Startup,No
410,03-12-2020,28,Female,Berlin,Data Scientist,4.0,2.0,Middle,Python,Python,73700.0,80400.0,67000.0,67000.0,28,Full-time employee,Unlimited contract,English,1000+,Product,No
411,03-12-2020,34,Male,Munich,Data Scientist,10.0,10.0,Senior,Python,"R, SQL, AWS, Docker",85000.0,20000.0,62500.0,11000.0,28,Full-time employee,Unlimited contract,English,101-1000,Consulting / Agency,No
412,03-12-2020,38,Male,Berlin,Data Scientist,10.0,9.0,Senior,Python,Python,87550.0,,85000.0,,30,Full-time employee,Unlimited contract,German,101-1000,Product,No
413,03-12-2020,31,Male,Berlin,Backend Developer,9.0,1.0,Senior,NodeJS/TS,Javascript / Typescript,65000.0,5000.0,65000.0,,27,Full-time employee,Unlimited contract,English,51-100,Startup,No
414,03-12-2020,25,Male,Hamburg,ML Engineer,2.0,2.0,Middle,Python,.NET,60000.0,65000.0,48000.0,53000.0,28,Full-time employee,Unlimited contract,German,Nov-50,Product,No
415,04-12-2020,33,Female,Berlin,Frontend Developer,13.0,4.0,Middle,"Angular, TypeScript",Javascript / Typescript,47745.0,3800.0,47745.0,3800.0,30,"full-time, but 32 hours per week (it was my request, I'm a student)",Unlimited contract,English,1000+,Product,No
416,04-12-2020,39,Female,Berlin,Data Scientist,2.5,2.0,Junior,python,"C/C++, R, SQL",60000.0,60000.0,60000.0,60000.0,30,Full-time employee,Unlimited contract,English,up to 10,corporate incubator,Yes
417,05-12-2020,35,Male,Munich,Software Engineer,14.0,1.0,Senior,C++,"Python, C/C++",98000.0,28000.0,90000.0,22500.0,30,Full-time employee,Unlimited contract,English,1000+,Product,No
418,05-12-2020,25,Female,Amsterdam,Data Scientist,1.5,0.0,Middle,Python,"AWS, Docker",49850.0,500.0,36000.0,,25,Full-time employee,Unlimited contract,English,Nov-50,Startup,No
419,05-12-2020,37,Male,Berlin,Software Engineer,12.0,6.0,Middle,php,"PHP, SQL, Docker",65000.0,31500.0,65000.0,31500.0,26,Full-time employee,Unlimited contract,English,1000+,Product,No
420,05-12-2020,32,Male,Hamburg,ML Engineer,4.0,1.5,Middle,"Python, Whole Apache Data Science Stack, AWS","Javascript / Typescript, SQL, AWS, Docker",37500.0,,34000.0,34000.0,24,Full-time employee,Unlimited contract,German,101-1000,Consulting / Agency,No
421,05-12-2020,28,Female,Berlin,Backend Developer,3.0,2.0,Middle,Python,"AWS, Docker",65000.0,,65000.0,,30,Full-time employee,Unlimited contract,English,1000+,Product,No
422,05-12-2020,36,Male,Berlin,Staff Engineer,15.0,4.0,Lead,Go,"PHP, AWS, Kubernetes, Docker",85000.0,3000.0,80000.0,,28,Full-time employee,Unlimited contract,English,1000+,Product,No
423,06-12-2020,32,Male,Berlin,Designer (UI/UX),5.0,10.0,Senior,Java,"Python, PHP, Javascript / Typescript, SQL",70000.0,5000.0,65000.0,5000.0,24,Self-employed (freelancer),Unlimited contract,German,up to 10,Startup,No
424,06-12-2020,35,Male,Berlin,Backend Developer,13.0,5.0,Senior,Php,"PHP, SQL, Go, AWS, Docker",68000.0,,68000.0,,26,Full-time employee,Unlimited contract,English,1000+,Product,No
425,06-12-2020,32,Female,Berlin,Computational linguist,5.0,5.0,Middle,Java,"Python, Docker",50400.0,,50400.0,,29,Full-time employee,Unlimited contract,English,Nov-50,Product,No
426,07-12-2020,30,Male,Hamburg,Data Scientist,5.0,5.0,Middle,Python,"Python, C/C++, SQL, AWS",55000.0,60000.0,55000.0,55000.0,30,Full-time employee,Unlimited contract,English,101-1000,Product,No
427,07-12-2020,33,Male,Munich,Software Engineer,5.0,5.0,Senior,Embedded C++,"Python, C/C++",61000.0,63000.0,58000.0,60000.0,30,Full-time employee,Unlimited contract,English,1000+,Consulting / Agency,No
428,07-12-2020,31,Male,Berlin,Data Engineer,4.0,2.0,Middle,Python,"Python, SQL, AWS, Docker",50000.0,,45000.0,,30,Full-time employee,Unlimited contract,English,101-1000,Product,No
429,07-12-2020,32,Male,Munich,Software Engineer,10.0,3.0,Lead,Swift,Java / Scala,75000.0,5000.0,75000.0,5000.0,27,Full-time employee,Unlimited contract,English,101-1000,Product,No
430,08-12-2020,35,Male,Frankfurt,Software Engineer,10.0,1.0,Senior,Java,"Python, .NET, Java / Scala, SQL, Kubernetes, Docker",60000.0,5000.0,60000.0,5000.0,30,Full-time employee,Unlimited contract,English,101-1000,Consulting / Agency,No
431,08-12-2020,27,Male,Munich,Software Engineer,2.0,5.0,Junior,Java,Javascript / Typescript,68000.0,2000.0,60000.0,500.0,28,Full-time employee,Unlimited contract,English,101-1000,Product,No
432,08-12-2020,38,Male,Berlin,Full-Stack Developer,1.0,1.0,Junior,Javascript/Typescript,AWS,45500.0,45500.0,40000.0,,28,Full-time employee,Unlimited contract,English,51-100,Startup,No
433,08-12-2020,34,Male,Munich,DevOps,12.0,2.0,Middle,Java,"Python, SQL, Perl",72000.0,8000.0,72000.0,8000.0,28,Full-time employee,Unlimited contract,English,101-1000,Product,No
434,08-12-2020,35,Male,Darmstadt,Data Scientist,4.0,4.0,Senior,python,"Javascript / Typescript, Java / Scala, Docker",67000.0,5000.0,60000.0,10000.0,30,Full-time employee,Unlimited contract,English,51-100,Product,No
435,08-12-2020,35,Male,Duesseldorf,DevOps,17.0,5.0,Senior,Linux,"SQL, AWS, Google Cloud, Azure, Kubernetes, Docker",85000.0,2000.0,68000.0,,30,Full-time employee,Unlimited contract,English,1000+,Consulting / Agency,No
436,08-12-2020,29,Male,Berlin,DevOps,7.0,3.0,Senior,"Kuberenetes, Openstack","Python, Go, Kubernetes, Docker, Openstack",82000.0,,78000.0,,28,Full-time employee,Unlimited contract,English,101-1000,Consulting / Agency,No
437,08-12-2020,34,Male,Cologne,CTO,14.0,2.0,Lead,C#,"Javascript / Typescript, .NET, SQL, Azure, Kubernetes, Docker",84000.0,92000.0,72000.0,72000.0,21,Full-time employee,Unlimited contract,English,Nov-50,Product,No
438,09-12-2020,42,Male,Hamburg,Data Scientist,2.0,2.0,Senior,Python ,"Python, SQL, Google Cloud",80000.0,7000.0,65000.0,5000.0,30,Full-time employee,Unlimited contract,German,1000+,Old industry,No
439,10-12-2020,43,Male,Munich,Product Manager,18.0,9.0,Lead,.NET,Kotlin,115000.0,6000.0,115000.0,6000.0,25,Full-time employee,Unlimited contract,English,1000+,Product,No
440,10-12-2020,41,Male,Munich,Software Engineer,15.0,15.0,Senior,Kotlin,"Python, Java / Scala, SQL, AWS",99000.0,1200.0,99000.0,3300.0,39,Full-time employee,Unlimited contract,German,1000+,Product,No
441,11-12-2020,33,Male,Berlin,Backend Developer,8.0,6.0,Lead,NodeJS,"Python, Javascript / Typescript, SQL, AWS, Azure, Kubernetes, Docker",90000.0,20000.0,85000.0,20000.0,25,Full-time employee,Unlimited contract,English,101-1000,Product,No
442,11-12-2020,28,Male,Berlin,ML Engineer,5.0,3.0,Middle,"Python, Pytorch","Python, AWS, Google Cloud, Docker",54000.0,10000.0,52000.0,10000.0,27,Full-time employee,Unlimited contract,English,up to 10,Startup,No
443,12-12-2020,28,Male,Brussels,Robotics Engineer,3.0,0.0,Middle,C++,"Python, C/C++, Javascript / Typescript, Docker",45000.0,,45000.0,,25,Full-time employee,Unlimited contract,English,up to 10,Startup,No
444,12-12-2020,26,Male,Stockholm,ML Engineer,2.5,0.0,Middle,Python/NLP,"Python, AWS, Google Cloud, Kubernetes, Docker",60000.0,60000.0,37500.0,37500.0,30,Full-time employee,Unlimited contract,English,1000+,Product,Yes
445,12-12-2020,39,Male,Berlin,Software Engineer,15.0,4.0,Lead,Java,"Java / Scala, Google Cloud, Kubernetes",75000.0,75000.0,65000.0,65000.0,24,Full-time employee,Unlimited contract,English,51-100,Startup,No
446,13-12-2020,32,Male,Copenhagen,Data Scientist,6.0,6.0,Senior,Python,"Python, Azure",92000.0,5000.0,90000.0,5000.0,25,Full-time employee,Unlimited contract,English,up to 10,Startup,No
447,13-12-2020,27,Female,Lisbon,Backend Developer,3.0,0.0,Middle,Java,"Java / Scala, SQL",17500.0,1250.0,16000.0,1100.0,22,Full-time employee,Unlimited contract,English,1000+,Consulting / Agency,No
448,13-12-2020,32,Female,Berlin,Software Engineer,2.0,2.0,Middle,Javascript,"Python, Javascript / Typescript, Go",63000.0,3000.0,50000.0,,27,Full-time employee,Unlimited contract,English,101-1000,Product,No
449,14-12-2020,56,Male,Munich,Software Engineer,30.0,19.0,Lead,c++,"Python, C/C++, Javascript / Typescript, Java / Scala, AWS, Kubernetes, Docker",110000.0,110000.0,90000.0,100000.0,25,Full-time employee,Unlimited contract,English,51-100,Product,No
450,14-12-2020,30,Male,Berlin,Data Scientist,4.5,2.5,Middle,Python,"Python, SQL, AWS, Docker",60000.0,10000.0,60000.0,7500.0,24,Full-time employee,Unlimited contract,English,51-100,Startup,No
451,14-12-2020,27,Male,Munich,QA Engineer,6.0,4.0,Middle,Python,"Python, C/C++, Docker",70000.0,75000.0,67000.0,70000.0,30,Full-time employee,Unlimited contract,English,1000+,Product,No
452,16-12-2020,27,Male,Berlin,Data Engineer,0.0,0.0,Junior,Python,"Python, SQL, Azure, Docker",40000.0,,34000.0,37500.0,30,Full-time employee,Unlimited contract,German,1000+,Consulting / Agency,No
453,18-12-2020,32,Male,Berlin,Software Engineer,11.0,1.0,Senior,Scala,"Ruby, Java / Scala, AWS, Kubernetes, Docker",72500.0,10000.0,70000.0,10000.0,27,Full-time employee,Unlimited contract,English,1000+,Product,No
454,18-12-2020,30,Male,Berlin,Backend Developer,9.0,5.0,Senior,Scala,"Java / Scala, AWS, Kubernetes",85000.0,90000.0,82000.0,87000.0,24,Full-time employee,Unlimited contract,English,1000+,Product,No
455,18-12-2020,36,Male,Stuttgart,Mobile Developer,16.0,4.0,Lead,Java,"Kotlin, Java / Scala, SQL, AWS, Docker",62500.0,,59500.0,,32,Full-time employee,Unlimited contract,English,51-100,Product,No
456,18-12-2020,33,Male,Berlin,Engineering Manager,15.0,4.0,Lead,Java,"Kotlin, Java / Scala, AWS, Kubernetes, Docker",85000.0,15000.0,80000.0,,28,Full-time employee,Unlimited contract,English,1000+,Product,No
457,18-12-2020,32,Male,Munich,Software Engineer,13.0,7.0,Middle,Java,"Javascript / Typescript, SQL, AWS, Docker",95000.0,35000.0,79000.0,31000.0,30,Full-time employee,Unlimited contract,English,1000+,Product,No
458,19-12-2020,34,Male,Berlin,Backend Developer,12.0,4.0,Senior,Kotlin,"Go, Rust, Kubernetes",75000.0,7500.0,72000.0,7200.0,27,Full-time employee,Unlimited contract,English,1000+,Product,No
459,20-12-2020,54,Male,Munich,Software Engineer,25.0,15.0,Middle,Python,"Python, C/C++, Javascript / Typescript, Java / Scala, SQL, Kubernetes, Docker",75000.0,5000.0,80000.0,500.0,29,Full-time employee,Unlimited contract,English,1000+,Consulting / Agency,No
460,20-12-2020,28,Male,Sevilla,DatabEngineer,4.0,0.0,Middle,GCP,"Python, Java / Scala, R, SQL, Google Cloud",30000.0,,30000.0,,24,Full-time employee,Unlimited contract,Spanish,51-100,Consulting / Agency,No
461,21-12-2020,38,Male,Berlin,Data Scientist,6.0,3.0,Lead,Python,"R, AWS",110000.0,70000.0,110000.0,180000.0,28,Full-time employee,Unlimited contract,English,1000+,Product,No
462,22-12-2020,36,Male,Berlin,Software Engineer,15.0,6.0,Senior,PHP,"Kotlin, AWS, Kubernetes, Docker",70000.0,2000.0,67000.0,2000.0,26,Full-time employee,Unlimited contract,English,101-1000,Product,No
463,22-12-2020,36,Male,Munich,Software Engineer,15.0,1.0,Senior,PL/SQL,SQL,68000.0,3000.0,68000.0,,30,Full-time employee,Unlimited contract,English,1000+,Consulting / Agency,No
464,22-12-2020,33,Male,Munich,Frontend Developer,10.0,6.0,Senior,Javascript,"Python, Javascript / Typescript",100000.0,5000.0,90000.0,5000.0,30,Full-time employee,Unlimited contract,English,101-1000,Startup,No
465,24-12-2020,36,Male,Amsterdam,Mobile Developer,14.0,8.0,Senior,Swift,"Kotlin, Javascript / Typescript, AWS",75000.0,,75000.0,35000.0,20,Full-time employee,Unlimited contract,English,Nov-50,Consulting / Agency,No
466,24-12-2020,36,Male,Regensburg,Software Engineer,10.0,10.0,Middle,C#,"Javascript / Typescript, .NET, SQL",66000.0,6000.0,58000.0,6000.0,30,Full-time employee,Unlimited contract,German,51-100,Consulting / Agency,No
467,24-12-2020,37,Male,Munich,DevOps,17.0,1.0,Senior,AWS,"AWS, Azure",90000.0,,85000.0,85000.0,30,Full-time employee,Unlimited contract,English,1000+,Consulting / Agency,No
468,24-12-2020,30,Male,Berlin,Consultant,3.0,3.0,Middle,Java,"Python, R, SQL, Kubernetes, Docker",58000.0,,42000.0,50000.0,30,Full-time employee,Unlimited contract,English,101-1000,Startup,No
469,25-12-2020,30,Male,Berlin,Software Engineer,11.0,1.0,Senior,Java / Scala,"Kotlin, Java / Scala, Clojure, Rust, AWS, Kubernetes, Docker",90000.0,90000.0,80000.0,80000.0,29,Full-time employee,Unlimited contract,English,1000+,Product,No
470,25-12-2020,33,Female,Munich,Software Engineer,10.0,3.0,Senior,Java,SQL,47500.0,,47500.0,,25,Full-time employee,Unlimited contract,English,Nov-50,Outsourse,No
471,26-12-2020,35,Male,Ingolstadt,Backend Developer,10.0,4.0,Lead,Magento,PHP,65000.0,,60000.0,,25,Full-time employee,Unlimited contract,English,Nov-50,Startup,No
472,27-12-2020,29,Male,Berlin,Software Engineer,9.0,5.0,Senior,C++,"Python, C/C++, Rust, AWS, Kubernetes, Docker",73000.0,16000.0,73000.0,16000.0,30,Full-time employee,Unlimited contract,English,1000+,Product,No
473,28-12-2020,31,Male,Berlin,Backend Developer,4.0,2.0,Middle,Ruby on Rails,Javascript / Typescript,50000.0,,50000.0,,25,Full-time employee,Unlimited contract,English,Nov-50,Product,No
474,29-12-2020,36,Male,Berlin,Mobile Developer,10.0,10.0,Middle,Android,Kotlin,68000.0,2000.0,65000.0,5000.0,30,Full-time employee,Unlimited contract,English,1000+,Product,No
475,29-12-2020,29,Male,Munich,Data Scientist,6.0,5.0,Middle,SQL,Python,70000.0,30000.0,60000.0,15000.0,28,Full-time employee,Unlimited contract,English,1000+,Product,No
476,30-12-2020,30,Female,Berlin,Frontend Developer,3.0,3.0,Lead,JavaScript ,"AWS, Docker",57600.0,,51200.0,,30,Full-time employee,Unlimited contract,English,101-1000,Product,No
477,30-12-2020,30,Male,Munich,Software Engineer,8.0,1.0,Senior,PHP,"Javascript / Typescript, SQL, Docker",68000.0,1500.0,65000.0,,26,Full-time employee,Unlimited contract,English,51-100,Product,No
478,30-12-2020,29,Male,Berlin,Backend Developer,5.0,5.0,Senior,Go,"Go, Google Cloud, Kubernetes, Docker",75000.0,,70000.0,,25,Full-time employee,Unlimited contract,English,101-1000,Product,No
479,31-12-2020,34,Male,Berlin,Software Engineer,14.0,4.0,Lead,Java,"Kotlin, Javascript / Typescript, AWS, Kubernetes, Docker",95000.0,5000.0,92000.0,92000.0,30,Full-time employee,Unlimited contract,English,1000+,Product,No
480,01-01-2021,34,Male,Prague,Backend Developer,14.0,0.0,Lead,C#,"Javascript / Typescript, .NET, Azure, Kubernetes, Docker",90000.0,40000.0,70000.0,40000.0,30,Full-time employee,Unlimited contract,English,1000+,Product,No
481,04-01-2021,35,Male,Munich,Software Engineer,12.0,5.0,Lead,python,"Javascript / Typescript, SQL, AWS, Docker",100000.0,10000.0,85000.0,10000.0,30,Full-time employee,Unlimited contract,English,51-100,Product,No
482,05-01-2021,44,Male,Munich,Software Architekt,20.0,20.0,Head,Java Backend,"Java / Scala, SQL, Docker",95000.0,15000.0,95000.0,15000.0,30,Full-time employee,Unlimited contract,German,101-1000,Product,Yes
483,05-01-2021,34,Male,Ingolstadt ,Software Engineer,3.5,3.5,Junior,C++,"Python, C/C++, Docker",55000.0,55000.0,53000.0,53000.0,30,Full-time employee,Unlimited contract,German,1000+,Consulting / Agency,No
484,05-01-2021,31,Male,Munich,Backend Developer,10.0,7.0,Senior,Ruby on Rails,"Python, Kotlin, Ruby, AWS, Docker",85000.0,85000.0,80000.0,80000.0,27,Full-time employee,Unlimited contract,English,101-1000,Startup,No
485,06-01-2021,24,Male,Berlin,Frontend Developer,5.0,2.0,Senior,TypeScript,Javascript / Typescript,68250.0,,65000.0,,27,Full-time employee,Unlimited contract,English,101-1000,Product,No
486,07-01-2021,28,Male,Munich,Software Engineer,7.0,3.0,Middle,Java,"Kotlin, Java / Scala, Go, AWS, Kubernetes, Docker",63000.0,4000.0,63000.0,4000.0,30,Full-time employee,Unlimited contract,English,101-1000,Product,No
487,08-01-2021,33,Female,Munich,Testmanager,10.0,2.0,Junior,Java,SQL,60000.0,60000.0,55000.0,60000.0,30,Full-time employee,Unlimited contract,German,1000+,Product,No
488,11-01-2021,39,Male,Berlin,QA Engineer,7.0,5.0,Senior,Java,"Kotlin, Google Cloud",76000.0,3000.0,65000.0,10000.0,30,Full-time employee,Unlimited contract,English,1000+,Product,Yes
489,12-01-2021,37,Male,Berlin,Mobile Developer,15.0,5.0,Senior,Android,Kotlin,84700.0,1000.0,83000.0,3500.0,29,Full-time employee,Unlimited contract,English,101-1000,Product,No
490,16-01-2021,32,Male,Munich,Software Engineer,10.0,5.0,Head,Scala,"Javascript / Typescript, Java / Scala, SQL, Go, AWS, Docker",95000.0,,80000.0,,24,Full-time employee,Unlimited contract,English,Nov-50,Startup,No
491,18-01-2021,31,Male,Berlin,Backend Developer,9.0,5.0,Senior,Java,"Python, Javascript / Typescript, Java / Scala, SQL, AWS, Docker",70000.0,72000.0,70000.0,72000.0,26,Full-time employee,Unlimited contract,English,51-100,Product,Yes
492,19-01-2021,26,Male,SaarbrÃ¼cken,Frontend Developer,7.0,7.0,Middle,JavaScript,"Javascript / Typescript, Docker, HTML, CSS; Adobe XD",38350.0,40950.0,33800.0,36400.0,27,Full-time employee,Unlimited contract,German,101-1000,Product,No
493,19-01-2021,26,Male,Berlin,DevOps,2.0,2.0,Middle,yaml,"Python, AWS, Kubernetes, Docker, terraform, ansible",65000.0,6500.0,40000.0,,30,Full-time employee,Unlimited contract,English,51-100,Startup,No
